,日期,最高温度,最低温度,东北风,东南风,东风,北风,南风,无持续风向,西北风,西南风,西风,1级,2级,大于3级,小于3级,晴,多云,阴,雷阵雨,霾,雾,阵雨,小雨,中雨,大雨,雷雨,暴雨,雨夹雪,雨,暴风雨,AQI指数,PM2.5,PM10,So2,No2,Co,O3
1808,2019-01-01,6,3,0,0,1,0,0,0,0,0,0,1,0,0,0,0,1,0,0,0,0,0,0,0,0,0,0,0,0,0,77,55,76,37,37,0.82,9
1809,2019-01-02,7,2,0,0,1,0,0,0,0,0,0,0,1,0,0,0,0,1,0,0,0,0,0,0,0,0,0,0,0,0,82,60,85,43,43,0.9,13
1810,2019-01-03,7,4,1,0,0,0,0,0,0,0,0,0,1,0,0,0,0,0,0,0,0,0,1,0,0,0,0,0,0,0,85,62,85,38,38,0.87,15
1811,2019-01-04,8,6,0,0,0,0,0,0,1,0,0,1,0,0,0,0,0,1,0,0,0,0,0,0,0,0,0,0,0,0,77,56,75,42,42,0.94,14
1812,2019-01-05,9,4,1,0,0,0,0,0,0,0,0,1,0,0,0,0,0,1,0,0,0,0,0,0,0,0,0,0,0,0,78,57,83,51,51,1.02,19
1813,2019-01-06,8,6,1,0,0,0,0,0,0,0,0,1,0,0,0,0,0,1,0,0,0,0,0,0,0,0,0,0,0,0,70,50,72,44,44,0.93,21
1814,2019-01-07,9,7,1,0,0,0,0,0,0,0,0,1,0,0,0,0,0,1,0,0,0,0,0,0,0,0,0,0,0,0,91,67,98,50,50,1.04,17
1815,2019-01-08,9,7,1,0,0,0,0,0,0,0,0,1,0,0,0,0,0,0,0,0,0,0,1,0,0,0,0,0,0,0,127,96,132,54,54,1.2,7
1816,2019-01-09,9,6,0,0,1,0,0,0,0,0,0,0,1,0,0,0,0,1,0,0,0,0,0,0,0,0,0,0,0,0,45,31,41,38,38,1.15,15
1817,2019-01-10,7,5,1,0,0,0,0,0,0,0,0,1,0,0,0,0,0,1,0,0,0,0,0,0,0,0,0,0,0,0,42,28,40,38,38,1.33,10
1818,2019-01-11,10,4,0,1,0,0,0,0,0,0,0,0,1,0,0,1,0,0,0,0,0,0,0,0,0,0,0,0,0,0,66,47,66,43,43,1.26,15
1819,2019-01-12,4,-1,0,1,0,0,0,0,0,0,0,1,0,0,0,0,1,0,0,0,0,0,0,0,0,0,0,0,0,0,74,53,76,46,46,1.26,12
1820,2019-01-13,10,6,0,0,0,1,0,0,0,0,0,1,0,0,0,0,0,1,0,0,0,0,0,0,0,0,0,0,0,0,98,73,108,56,56,1.52,8
1821,2019-01-14,10,7,0,0,0,0,0,0,1,0,0,1,0,0,0,0,1,0,0,0,0,0,0,0,0,0,0,0,0,0,121,91,125,54,54,1.42,10
1822,2019-01-15,8,6,0,0,0,0,0,0,0,1,0,1,0,0,0,0,0,0,0,0,0,0,1,0,0,0,0,0,0,0,145,109,149,51,51,1.38,7
1823,2019-01-16,10,5,0,0,0,0,1,0,0,0,0,0,1,0,0,0,1,0,0,0,0,0,0,0,0,0,0,0,0,0,77,55,74,40,40,0.82,30
1824,2019-01-17,12,6,1,0,0,0,0,0,0,0,0,0,1,0,0,0,0,1,0,0,0,0,0,0,0,0,0,0,0,0,85,63,87,46,46,0.89,27
1825,2019-01-18,11,6,1,0,0,0,0,0,0,0,0,1,0,0,0,0,0,1,0,0,0,0,0,0,0,0,0,0,0,0,88,65,93,48,48,0.97,19
1826,2019-01-19,9,7,0,0,0,1,0,0,0,0,0,1,0,0,0,0,1,0,0,0,0,0,0,0,0,0,0,0,0,0,122,92,126,46,46,0.99,12
1827,2019-01-20,9,7,1,0,0,0,0,0,0,0,0,0,1,0,0,0,0,0,0,0,0,0,1,0,0,0,0,0,0,0,125,94,124,46,46,1.13,6
1828,2019-01-21,11,6,1,0,0,0,0,0,0,0,0,1,0,0,0,1,0,0,0,0,0,0,0,0,0,0,0,0,0,0,73,52,73,41,41,0.89,17
1829,2019-01-22,13,4,0,0,1,0,0,0,0,0,0,0,1,0,0,1,0,0,0,0,0,0,0,0,0,0,0,0,0,0,83,61,91,44,44,1.0,25
1830,2019-01-23,14,6,1,0,0,0,0,0,0,0,0,1,0,0,0,0,0,1,0,0,0,0,0,0,0,0,0,0,0,0,101,75,108,59,59,1.03,19
1831,2019-01-24,12,8,1,0,0,0,0,0,0,0,0,0,1,0,0,0,0,1,0,0,0,0,0,0,0,0,0,0,0,0,133,100,148,64,64,1.22,9
1832,2019-01-25,11,9,0,0,0,0,0,0,1,0,0,1,0,0,0,0,0,1,0,0,0,0,0,0,0,0,0,0,0,0,166,126,170,55,55,1.1,17
1833,2019-01-26,12,9,1,0,0,0,0,0,0,0,0,0,1,0,0,0,0,1,0,0,0,0,0,0,0,0,0,0,0,0,176,133,180,56,56,1.25,9
1834,2019-01-27,10,8,1,0,0,0,0,0,0,0,0,1,0,0,0,0,0,1,0,0,0,0,0,0,0,0,0,0,0,0,149,113,147,53,53,1.16,19
1835,2019-01-28,11,8,0,0,0,1,0,0,0,0,0,0,1,0,0,0,1,0,0,0,0,0,0,0,0,0,0,0,0,0,165,125,168,55,55,1.23,21
1836,2019-01-29,10,8,0,0,0,1,0,0,0,0,0,0,1,0,0,0,0,1,0,0,0,0,0,0,0,0,0,0,0,0,144,108,142,42,42,1.17,18
1837,2019-01-30,11,9,1,0,0,0,0,0,0,0,0,1,0,0,0,0,1,0,0,0,0,0,0,0,0,0,0,0,0,0,75,54,70,33,33,1.16,10
1838,2019-01-31,11,6,1,0,0,0,0,0,0,0,0,1,0,0,0,0,0,1,0,0,0,0,0,0,0,0,0,0,0,0,54,38,50,30,30,1.0,15
1839,2019-02-01,10,7,1,0,0,0,0,0,0,0,0,0,1,0,0,0,0,1,0,0,0,0,0,0,0,0,0,0,0,0,45,31,41,31,31,0.97,23
1840,2019-02-02,11,6,1,0,0,0,0,0,0,0,0,0,1,0,0,0,0,1,0,0,0,0,0,0,0,0,0,0,0,0,55,38,51,29,29,0.99,24
1841,2019-02-03,13,9,0,0,0,0,0,0,0,1,0,0,1,0,0,0,0,1,0,0,0,0,0,0,0,0,0,0,0,0,75,54,75,27,27,0.91,43
1842,2019-02-04,15,8,1,0,0,0,0,0,0,0,0,1,0,0,0,0,1,0,0,0,0,0,0,0,0,0,0,0,0,0,81,59,79,28,28,1.01,40
1843,2019-02-05,16,8,0,0,1,0,0,0,0,0,0,0,1,0,0,1,0,0,0,0,0,0,0,0,0,0,0,0,0,0,88,65,87,25,25,0.9,54
1844,2019-02-06,17,8,0,0,0,1,0,0,0,0,0,0,1,0,0,0,1,0,0,0,0,0,0,0,0,0,0,0,0,0,82,60,85,25,25,0.78,63
1845,2019-02-07,18,9,0,0,1,0,0,0,0,0,0,0,1,0,0,0,1,0,0,0,0,0,0,0,0,0,0,0,0,0,104,77,109,31,31,0.96,56
1846,2019-02-08,14,10,1,0,0,0,0,0,0,0,0,0,1,0,0,0,0,1,0,0,0,0,0,0,0,0,0,0,0,0,77,55,76,23,23,0.93,36
1847,2019-02-09,11,7,0,0,1,0,0,0,0,0,0,0,1,0,0,0,1,0,0,0,0,0,0,0,0,0,0,0,0,0,57,40,54,17,17,0.99,27
1848,2019-02-10,8,5,0,0,1,0,0,0,0,0,0,1,0,0,0,0,0,1,0,0,0,0,0,0,0,0,0,0,0,0,27,18,25,15,15,0.79,30
1849,2019-02-11,10,4,0,0,1,0,0,0,0,0,0,0,1,0,0,0,0,1,0,0,0,0,0,0,0,0,0,0,0,0,37,25,33,18,18,0.91,25
1850,2019-02-12,11,7,1,0,0,0,0,0,0,0,0,1,0,0,0,0,1,0,0,0,0,0,0,0,0,0,0,0,0,0,65,46,61,30,30,0.96,31
1851,2019-02-13,11,7,0,0,1,0,0,0,0,0,0,0,1,0,0,1,0,0,0,0,0,0,0,0,0,0,0,0,0,0,73,52,72,36,36,1.07,25
1852,2019-02-14,12,10,1,0,0,0,0,0,0,0,0,0,1,0,0,0,0,1,0,0,0,0,0,0,0,0,0,0,0,0,59,40,56,29,29,0.94,22
1853,2019-02-15,14,10,1,0,0,0,0,0,0,0,0,0,1,0,0,0,0,1,0,0,0,0,0,0,0,0,0,0,0,0,67,47,67,36,36,1.01,19
1854,2019-02-16,10,9,0,0,1,0,0,0,0,0,0,0,1,0,0,1,0,0,0,0,0,0,0,0,0,0,0,0,0,0,38,26,36,23,23,0.76,36
1855,2019-02-17,9,7,0,0,1,0,0,0,0,0,0,0,1,0,0,0,1,0,0,0,0,0,0,0,0,0,0,0,0,0,33,21,31,19,19,0.65,51
1856,2019-02-18,11,8,1,0,0,0,0,0,0,0,0,0,1,0,0,0,1,0,0,0,0,0,0,0,0,0,0,0,0,0,35,23,34,25,25,0.8,36
1857,2019-02-19,9,7,1,0,0,0,0,0,0,0,0,0,1,0,0,0,0,1,0,0,0,0,0,0,0,0,0,0,0,0,64,45,63,30,30,0.81,41
1858,2019-02-20,13,10,0,0,0,1,0,0,0,0,0,1,0,0,0,0,0,1,0,0,0,0,0,0,0,0,0,0,0,0,86,63,90,45,45,0.96,31
1859,2019-02-21,12,9,1,0,0,0,0,0,0,0,0,0,1,0,0,0,1,0,0,0,0,0,0,0,0,0,0,0,0,0,114,85,116,50,50,1.11,31
1860,2019-02-22,12,8,1,0,0,0,0,0,0,0,0,0,1,0,0,0,0,1,0,0,0,0,0,0,0,0,0,0,0,0,98,73,100,46,46,1.11,26
1861,2019-02-23,10,8,0,0,1,0,0,0,0,0,0,0,1,0,0,0,0,1,0,0,0,0,0,0,0,0,0,0,0,0,58,40,55,34,34,0.84,25
1862,2019-02-24,11,8,0,0,1,0,0,0,0,0,0,0,1,0,0,0,1,0,0,0,0,0,0,0,0,0,0,0,0,0,38,25,36,30,30,0.6,39
1863,2019-02-25,13,8,0,0,0,1,0,0,0,0,0,1,0,0,0,0,0,1,0,0,0,0,0,0,0,0,0,0,0,0,65,46,66,42,42,0.78,28
1864,2019-02-26,14,11,1,0,0,0,0,0,0,0,0,0,1,0,0,0,1,0,0,0,0,0,0,0,0,0,0,0,0,0,65,45,67,42,42,0.76,34
1865,2019-02-27,11,9,1,0,0,0,0,0,0,0,0,0,1,0,0,0,1,0,0,0,0,0,0,0,0,0,0,0,0,0,83,61,83,35,35,0.78,25
1866,2019-02-28,13,10,1,0,0,0,0,0,0,0,0,0,1,0,0,0,1,0,0,0,0,0,0,0,0,0,0,0,0,0,78,56,77,37,37,0.93,21
1867,2019-03-01,12,10,1,0,0,0,0,0,0,0,0,0,1,0,0,0,1,0,0,0,0,0,0,0,0,0,0,0,0,0,60,41,61,43,43,0.94,19
1868,2019-03-02,14,10,0,0,0,0,0,0,0,0,1,0,1,0,0,1,0,0,0,0,0,0,0,0,0,0,0,0,0,0,63,45,63,35,35,0.94,16
1869,2019-03-03,17,8,1,0,0,0,0,0,0,0,0,0,1,0,0,1,0,0,0,0,0,0,0,0,0,0,0,0,0,0,53,36,53,32,32,0.88,35
1870,2019-03-04,18,8,1,0,0,0,0,0,0,0,0,0,1,0,0,0,1,0,0,0,0,0,0,0,0,0,0,0,0,0,52,34,55,42,42,0.85,25
1871,2019-03-05,15,10,0,0,0,1,0,0,0,0,0,0,1,0,0,0,0,1,0,0,0,0,0,0,0,0,0,0,0,0,88,65,95,46,46,0.99,14
1872,2019-03-06,15,11,1,0,0,0,0,0,0,0,0,0,1,0,0,0,0,0,0,0,0,0,1,0,0,0,0,0,0,0,63,44,63,37,37,0.88,12
1873,2019-03-07,11,9,0,0,1,0,0,0,0,0,0,0,1,0,0,0,0,1,0,0,0,0,0,0,0,0,0,0,0,0,44,30,42,36,36,0.68,40
1874,2019-03-08,11,8,0,0,1,0,0,0,0,0,0,0,1,0,0,0,1,0,0,0,0,0,0,0,0,0,0,0,0,0,56,38,53,36,36,0.73,53
1875,2019-03-09,15,9,0,0,0,1,0,0,0,0,0,1,0,0,0,0,1,0,0,0,0,0,0,0,0,0,0,0,0,0,67,47,73,50,50,0.83,31
1876,2019-03-10,17,8,1,0,0,0,0,0,0,0,0,0,1,0,0,0,1,0,0,0,0,0,0,0,0,0,0,0,0,0,74,53,83,48,48,0.95,50
1877,2019-03-11,19,11,0,0,0,0,0,0,0,1,0,1,0,0,0,0,1,0,0,0,0,0,0,0,0,0,0,0,0,0,75,54,85,54,54,1.0,52
1878,2019-03-12,17,11,0,0,1,0,0,0,0,0,0,0,1,0,0,0,0,1,0,0,0,0,0,0,0,0,0,0,0,0,82,59,98,67,67,1.07,29
1879,2019-03-13,17,13,1,0,0,0,0,0,0,0,0,0,1,0,0,0,0,1,0,0,0,0,0,0,0,0,0,0,0,0,83,61,93,51,51,0.98,21
1880,2019-03-14,17,11,0,0,0,1,0,0,0,0,0,1,0,0,0,0,1,0,0,0,0,0,0,0,0,0,0,0,0,0,51,35,51,38,38,0.73,23
1881,2019-03-15,14,12,0,0,0,0,0,0,0,1,0,0,1,0,0,0,0,0,0,0,0,0,1,0,0,0,0,0,0,0,54,36,54,38,38,0.72,32
1882,2019-03-16,15,11,0,0,0,1,0,0,0,0,0,1,0,0,0,0,0,1,0,0,0,0,0,0,0,0,0,0,0,0,56,38,60,44,44,0.73,30
1883,2019-03-17,17,11,0,0,0,1,0,0,0,0,0,0,1,0,0,0,1,0,0,0,0,0,0,0,0,0,0,0,0,0,62,43,72,50,50,0.76,25
1884,2019-03-18,21,8,1,0,0,0,0,0,0,0,0,1,0,0,0,1,0,0,0,0,0,0,0,0,0,0,0,0,0,0,63,43,72,47,47,0.82,41
1885,2019-03-19,20,11,1,0,0,0,0,0,0,0,0,0,1,0,0,0,0,1,0,0,0,0,0,0,0,0,0,0,0,0,64,45,74,52,52,0.79,50
1886,2019-03-20,25,15,0,0,0,1,0,0,0,0,0,0,1,0,0,0,1,0,0,0,0,0,0,0,0,0,0,0,0,0,72,51,79,42,42,0.82,74
1887,2019-03-21,20,13,0,0,0,1,0,0,0,0,0,0,0,1,0,0,0,0,0,0,0,0,1,0,0,0,0,0,0,0,65,44,72,41,41,0.81,44
1888,2019-03-22,14,10,0,0,0,1,0,0,0,0,0,0,1,0,0,0,1,0,0,0,0,0,0,0,0,0,0,0,0,0,38,23,37,32,32,0.67,27
1889,2019-03-23,11,9,1,0,0,0,0,0,0,0,0,0,1,0,0,0,0,1,0,0,0,0,0,0,0,0,0,0,0,0,31,20,30,32,32,0.68,27
1890,2019-03-24,13,9,1,0,0,0,0,0,0,0,0,1,0,0,0,1,0,0,0,0,0,0,0,0,0,0,0,0,0,0,42,27,41,36,36,0.69,29
1891,2019-03-25,18,8,1,0,0,0,0,0,0,0,0,0,1,0,0,0,0,0,0,0,0,0,1,0,0,0,0,0,0,0,51,33,52,38,38,0.78,38
1892,2019-03-26,20,14,0,0,0,1,0,0,0,0,0,1,0,0,0,0,1,0,0,0,0,0,0,0,0,0,0,0,0,0,55,34,58,49,49,0.75,35
1893,2019-03-27,20,16,0,0,0,1,0,0,0,0,0,0,1,0,0,0,0,1,0,0,0,0,0,0,0,0,0,0,0,0,63,43,73,50,50,0.77,36
1894,2019-03-28,25,15,0,0,0,0,1,0,0,0,0,0,1,0,0,1,0,0,0,0,0,0,0,0,0,0,0,0,0,0,75,54,92,53,53,0.87,62
1895,2019-03-29,26,14,1,0,0,0,0,0,0,0,0,0,1,0,0,0,1,0,0,0,0,0,0,0,0,0,0,0,0,0,68,41,83,51,51,0.82,63
1896,2019-03-30,23,15,1,0,0,0,0,0,0,0,0,0,1,0,0,0,0,0,0,0,0,0,1,0,0,0,0,0,0,0,66,38,80,47,47,0.82,32
1897,2019-03-31,15,13,1,0,0,0,0,0,0,0,0,0,1,0,0,0,0,0,0,0,0,0,1,0,0,0,0,0,0,0,39,25,38,30,30,0.67,37
1898,2019-04-01,17,12,1,0,0,0,0,0,0,0,0,0,1,0,0,0,1,0,0,0,0,0,0,0,0,0,0,0,0,0,42,26,41,37,37,0.8,33
1899,2019-04-02,19,14,1,0,0,0,0,0,0,0,0,0,1,0,0,0,0,1,0,0,0,0,0,0,0,0,0,0,0,0,49,30,50,40,40,0.81,26
1900,2019-04-03,20,14,1,0,0,0,0,0,0,0,0,0,1,0,0,0,0,0,0,0,0,0,0,1,0,0,0,0,0,0,51,33,51,36,36,0.75,28
1901,2019-04-04,18,12,1,0,0,0,0,0,0,0,0,0,1,0,0,0,1,0,0,0,0,0,0,0,0,0,0,0,0,0,43,27,43,36,36,0.74,24
1902,2019-04-05,24,12,0,1,0,0,0,0,0,0,0,1,0,0,0,1,0,0,0,0,0,0,0,0,0,0,0,0,0,0,54,33,58,42,42,0.82,46
1903,2019-04-06,30,14,0,0,1,0,0,0,0,0,0,1,0,0,0,1,0,0,0,0,0,0,0,0,0,0,0,0,0,0,57,34,62,47,47,0.78,65
1904,2019-04-07,32,16,0,1,0,0,0,0,0,0,0,0,1,0,0,0,1,0,0,0,0,0,0,0,0,0,0,0,0,0,62,34,71,52,52,0.83,70
1905,2019-04-08,31,17,0,0,1,0,0,0,0,0,0,0,1,0,0,0,1,0,0,0,0,0,0,0,0,0,0,0,0,0,59,30,63,43,43,0.83,76
1906,2019-04-09,29,20,0,0,0,0,0,0,1,0,0,0,1,0,0,0,0,1,0,0,0,0,0,0,0,0,0,0,0,0,56,32,57,32,32,0.74,80
1907,2019-04-10,23,13,1,0,0,0,0,0,0,0,0,0,0,1,0,0,0,0,0,0,0,0,0,1,0,0,0,0,0,0,40,24,39,31,31,0.82,54
1908,2019-04-11,26,17,1,0,0,0,0,0,0,0,0,0,1,0,0,0,1,0,0,0,0,0,0,0,0,0,0,0,0,0,38,23,37,33,33,0.82,50
1909,2019-04-12,28,17,0,0,1,0,0,0,0,0,0,0,1,0,0,0,1,0,0,0,0,0,0,0,0,0,0,0,0,0,43,23,42,38,38,0.8,52
1910,2019-04-13,27,19,1,0,0,0,0,0,0,0,0,0,1,0,0,0,0,0,0,0,0,0,1,0,0,0,0,0,0,0,51,29,51,34,34,0.77,59
1911,2019-04-14,23,16,1,0,0,0,0,0,0,0,0,0,1,0,0,0,1,0,0,0,0,0,0,0,0,0,0,0,0,0,33,21,32,29,29,0.66,45
1912,2019-04-15,21,16,0,0,1,0,0,0,0,0,0,0,1,0,0,0,1,0,0,0,0,0,0,0,0,0,0,0,0,0,36,23,35,31,31,0.7,34
1913,2019-04-16,23,13,0,1,0,0,0,0,0,0,0,1,0,0,0,1,0,0,0,0,0,0,0,0,0,0,0,0,0,0,51,34,53,37,37,0.8,54
1914,2019-04-17,28,15,1,0,0,0,0,0,0,0,0,0,1,0,0,1,0,0,0,0,0,0,0,0,0,0,0,0,0,0,54,31,55,37,37,0.79,73
1915,2019-04-18,25,20,1,0,0,0,0,0,0,0,0,0,1,0,0,1,0,0,0,0,0,0,0,0,0,0,0,0,0,0,62,39,73,54,54,0.96,62
1916,2019-04-19,26,20,0,0,1,0,0,0,0,0,0,0,1,0,0,0,1,0,0,0,0,0,0,0,0,0,0,0,0,0,66,44,79,60,60,1.09,27
1917,2019-04-20,22,16,0,0,0,1,0,0,0,0,0,0,1,0,0,0,1,0,0,0,0,0,0,0,0,0,0,0,1,0,36,23,35,36,36,0.81,36
1918,2019-04-21,27,18,0,0,0,0,0,0,1,0,0,0,1,0,0,0,1,0,0,0,0,0,0,0,0,0,0,0,0,0,40,21,36,27,27,0.68,67
1919,2019-04-22,27,19,1,0,0,0,0,0,0,0,0,1,0,0,0,1,1,0,0,0,0,0,0,0,0,0,0,0,0,0,52,26,47,43,43,0.85,69
1920,2019-04-23,30,20,0,0,1,0,0,0,0,0,0,0,1,0,0,1,1,0,0,0,0,0,0,0,0,0,0,0,0,0,54,30,57,45,45,0.94,64
1921,2019-04-24,33,22,1,0,0,0,0,0,0,0,0,0,1,0,0,1,0,0,0,0,0,0,0,0,0,0,0,0,0,0,60,32,60,45,45,0.91,71
1922,2019-04-25,32,22,0,1,0,0,0,0,0,0,0,0,1,0,0,1,0,0,0,0,0,0,0,0,0,0,0,0,0,0,72,38,71,48,48,0.9,87
1923,2019-04-26,35,24,0,1,0,0,0,0,0,0,0,0,0,1,0,1,0,0,0,0,0,0,0,0,0,0,0,0,0,0,56,31,54,36,36,0.82,77
1924,2019-04-27,36,26,0,1,0,0,0,0,0,0,0,0,0,1,0,0,1,0,0,0,0,0,0,0,0,0,0,0,1,0,48,24,43,25,25,0.68,90
1925,2019-04-28,27,17,1,0,0,0,0,0,0,0,0,0,1,0,0,0,1,0,0,0,0,0,0,0,0,0,0,0,0,0,41,25,40,28,28,0.77,39
1926,2019-04-29,21,18,0,0,0,0,0,0,1,0,0,0,1,0,0,0,0,1,0,0,0,0,0,0,0,0,0,0,0,0,32,19,31,25,25,0.72,48
1927,2019-04-30,25,18,0,0,0,0,1,0,0,0,0,1,0,0,0,0,1,0,0,0,0,0,0,0,0,0,0,0,0,0,51,31,51,41,41,0.89,40
1928,2019-05-01,29,18,0,1,0,0,0,0,0,0,0,0,1,0,0,0,0,0,0,0,0,0,1,0,0,0,0,0,1,0,50,29,51,34,34,0.8,50
1929,2019-05-02,21,17,0,0,1,0,0,0,0,0,0,0,1,0,0,1,1,0,0,0,0,0,0,0,0,0,0,0,0,0,48,27,48,33,33,0.74,46
1930,2019-05-03,24,18,0,0,1,0,0,0,0,0,0,0,1,0,0,0,1,1,0,0,0,0,0,0,0,0,0,0,0,0,53,31,55,35,35,0.79,38
1931,2019-05-04,24,19,0,0,1,0,0,0,0,0,0,1,0,0,0,0,1,1,0,0,0,0,0,0,0,0,0,0,0,0,53,30,54,39,39,0.78,35
1932,2019-05-05,22,20,0,0,1,0,0,0,0,0,0,0,1,0,0,0,1,0,0,0,0,0,0,0,0,0,0,0,1,0,49,30,50,35,35,0.8,33
1933,2019-05-06,19,17,0,0,1,0,0,0,0,0,0,0,1,0,0,0,1,0,0,0,0,0,0,0,0,0,0,0,1,0,33,20,32,26,26,0.7,38
1934,2019-05-07,19,16,1,0,0,0,0,0,0,0,0,0,0,1,0,0,0,1,0,0,0,0,0,0,0,0,0,0,1,0,34,19,30,24,24,0.69,65
1935,2019-05-08,20,16,0,0,0,1,0,0,0,0,0,1,0,0,0,0,0,1,0,0,0,0,0,0,0,0,0,0,1,0,39,24,38,35,35,0.69,42
1936,2019-05-09,23,15,1,0,0,0,0,0,0,0,0,1,0,0,0,0,0,1,0,0,0,0,0,0,0,0,0,0,0,0,54,34,56,44,44,0.83,44
1937,2019-05-10,25,17,0,0,1,0,0,0,0,0,0,1,0,0,0,0,1,0,0,0,0,0,0,0,0,0,0,0,0,0,58,36,61,43,43,0.87,60
1938,2019-05-11,28,19,1,0,0,0,0,0,0,0,0,1,0,0,0,0,0,1,0,0,0,0,0,0,0,0,0,0,1,0,70,48,83,49,49,0.95,73
1939,2019-05-12,24,21,1,0,0,0,0,0,0,0,0,0,1,0,0,0,1,0,0,0,0,0,0,0,0,0,0,0,1,0,47,31,48,34,34,0.79,51
1940,2019-05-13,25,20,0,0,0,0,0,0,1,0,0,0,1,0,0,0,1,0,0,0,0,0,0,0,0,0,0,0,1,0,51,29,55,32,32,0.69,29
1941,2019-05-14,24,19,1,0,0,0,0,0,0,0,0,0,1,0,0,0,1,0,0,0,0,0,0,0,0,0,0,0,0,0,46,26,46,35,35,0.77,24
1942,2019-05-15,26,20,1,0,0,0,0,0,0,0,0,0,1,0,0,0,1,1,0,0,0,0,0,0,0,0,0,0,0,0,52,31,53,46,46,1.0,18
1943,2019-05-16,27,22,1,0,0,0,0,0,0,0,0,1,0,0,0,1,1,0,0,0,0,0,0,0,0,0,0,0,0,0,56,34,59,42,42,1.0,45
1944,2019-05-17,31,22,1,0,0,0,0,0,0,0,0,0,1,0,0,0,1,0,0,0,0,0,0,0,0,0,0,0,1,0,62,41,67,37,37,0.91,61
1945,2019-05-18,27,23,1,0,0,0,0,0,0,0,0,0,1,0,0,0,1,0,0,0,0,0,0,0,0,0,0,0,0,0,44,27,44,36,36,0.83,36
1946,2019-05-19,24,17,0,0,0,1,0,0,0,0,0,0,1,0,0,0,1,0,0,0,0,0,0,0,0,0,0,0,1,0,41,26,40,28,28,0.71,31
1947,2019-05-20,20,17,0,0,0,0,0,0,0,1,0,1,0,0,0,0,1,0,0,0,0,0,0,0,0,0,0,0,0,0,30,17,28,29,29,0.6,48
1948,2019-05-21,23,18,0,0,0,0,0,0,0,0,1,1,0,0,0,0,1,1,0,0,0,0,0,0,0,0,0,0,0,0,52,30,54,38,38,0.73,29
1949,2019-05-22,25,16,0,0,1,0,0,0,0,0,0,0,1,0,0,1,1,0,0,0,0,0,0,0,0,0,0,0,0,0,55,33,58,39,39,0.85,53
1950,2019-05-23,30,19,0,0,1,0,0,0,0,0,0,1,0,0,0,0,1,1,0,0,0,0,0,0,0,0,0,0,0,0,60,36,62,45,45,0.9,65
1951,2019-05-24,25,21,1,0,0,0,0,0,0,0,0,0,1,0,0,0,0,0,0,0,0,0,1,0,0,0,0,0,1,0,49,29,50,42,42,0.85,53
1952,2019-05-25,26,20,1,0,0,0,0,0,0,0,0,0,1,0,0,1,1,0,0,0,0,0,0,0,0,0,0,0,0,0,53,36,54,38,38,0.93,56
1953,2019-05-26,28,21,0,0,0,1,0,0,0,0,0,1,0,0,0,1,0,0,0,0,0,0,0,0,0,0,0,0,0,0,59,41,62,34,34,0.9,63
1954,2019-05-27,26,18,0,0,0,0,0,0,0,0,1,0,1,0,0,0,0,0,0,0,0,0,0,1,0,0,0,0,1,0,68,46,76,38,38,0.94,43
1955,2019-05-28,22,18,0,0,0,0,0,0,0,0,1,0,1,0,0,0,0,1,0,0,0,0,0,0,0,0,0,0,0,0,40,24,39,31,31,0.65,32
1956,2019-05-29,22,16,0,0,0,1,0,0,0,0,0,0,1,0,0,0,1,0,0,0,0,0,0,0,0,0,0,0,1,0,42,27,41,31,31,0.71,37
1957,2019-05-30,22,18,0,0,0,0,0,0,0,0,1,0,1,0,0,1,0,0,0,0,0,0,0,0,0,0,0,0,0,0,45,28,44,31,31,0.74,37
1958,2019-05-31,28,18,1,0,0,0,0,0,0,0,0,0,1,0,0,0,1,0,0,0,0,0,0,0,0,0,0,0,0,0,48,28,47,38,38,0.85,49
1959,2019-06-01,29,19,0,0,0,0,0,0,0,0,1,0,1,0,0,0,1,0,0,0,0,0,0,0,0,0,0,0,0,0,56,33,54,39,39,0.85,71
1960,2019-06-02,32,20,0,1,0,0,0,0,0,0,0,1,0,0,0,1,0,0,0,0,0,0,0,0,0,0,0,0,0,0,66,34,73,45,45,0.85,89
1961,2019-06-03,34,23,0,0,1,0,0,0,0,0,0,1,0,0,0,1,0,0,0,0,0,0,0,0,0,0,0,0,0,0,78,35,81,51,51,0.9,91
1962,2019-06-04,34,23,0,1,0,0,0,0,0,0,0,0,1,0,0,0,0,1,0,0,0,0,0,0,0,0,0,0,1,0,70,30,62,42,42,0.88,99
1963,2019-06-05,31,24,0,0,0,0,0,0,0,0,1,0,1,0,0,1,0,0,0,0,0,0,0,0,0,0,0,0,0,0,38,20,33,25,25,0.75,67
1964,2019-06-06,33,22,1,0,0,0,0,0,0,0,0,0,1,0,0,1,1,0,0,0,0,0,0,0,0,0,0,0,0,0,44,24,42,42,42,0.91,57
1965,2019-06-07,30,22,1,0,0,0,0,0,0,0,0,0,1,0,0,1,1,0,0,0,0,0,0,0,0,0,0,0,0,0,45,22,38,32,32,0.8,70
1966,2019-06-08,26,22,0,0,0,1,0,0,0,0,0,0,1,0,0,1,0,0,0,0,0,0,0,0,0,0,0,0,1,0,42,26,41,28,28,0.85,58
1967,2019-06-09,28,23,0,0,0,0,0,0,0,1,0,1,0,0,0,0,1,0,0,0,0,0,0,0,0,0,0,0,0,0,38,24,37,27,27,0.84,41
1968,2019-06-10,26,22,0,1,0,0,0,0,0,0,0,1,0,0,0,0,1,0,0,0,0,0,0,0,0,0,0,0,0,0,39,23,38,28,28,0.83,42
1969,2019-06-11,26,22,1,0,0,0,0,0,0,0,0,0,1,0,0,0,1,0,0,0,0,0,0,0,0,0,0,0,0,0,36,23,35,35,35,0.84,25
1970,2019-06-14,32,23,1,0,0,0,0,0,0,0,0,0,1,0,0,0,0,1,0,0,0,0,0,0,0,0,0,0,1,0,37,20,37,28,28,0.79,76
1971,2019-06-15,27,21,0,0,1,0,0,0,0,0,0,0,1,0,0,0,0,1,0,0,0,0,0,0,0,0,0,0,0,0,25,16,23,26,26,0.69,58
1972,2019-06-17,24,21,0,0,1,0,0,0,0,0,0,1,0,0,0,0,0,1,0,0,0,0,0,0,0,0,0,0,0,0,35,24,34,38,38,0.87,27
1973,2019-06-18,26,22,1,0,0,0,0,0,0,0,0,0,1,0,0,0,0,1,0,0,0,0,0,0,0,0,0,0,0,0,42,28,43,40,40,1.0,40
1974,2019-06-19,30,24,0,0,0,1,0,0,0,0,0,1,0,0,0,0,1,0,0,0,0,0,0,0,0,0,0,0,1,0,45,28,47,38,38,1.0,42
1975,2019-06-20,29,24,0,0,0,1,0,0,0,0,0,1,0,0,0,0,1,0,0,0,0,0,0,0,0,0,0,0,1,0,41,24,42,33,33,0.89,38
1976,2019-06-25,27,23,0,0,0,1,0,0,0,0,0,0,1,0,0,0,1,1,0,0,0,0,0,0,0,0,0,0,0,0,44,27,43,39,39,0.83,34
1977,2019-06-26,28,23,1,0,0,0,0,0,0,0,0,0,1,0,0,0,1,0,0,0,0,0,0,0,0,0,0,0,0,0,50,31,50,39,39,0.89,39
1978,2019-06-27,27,23,0,0,0,0,0,0,1,0,0,0,1,0,0,0,1,0,0,0,0,0,0,0,0,0,0,0,1,0,52,33,54,34,34,0.91,21
1979,2019-06-28,24,22,0,0,0,0,0,0,0,0,1,0,1,0,0,0,0,1,0,0,0,0,0,0,0,0,0,0,0,0,25,15,24,25,25,0.7,34
1980,2019-06-29,27,21,0,0,0,0,0,0,0,0,1,1,0,0,0,0,1,0,0,0,0,0,0,0,0,0,0,0,0,0,33,18,32,32,32,0.73,43
1981,2019-06-30,29,24,0,0,1,0,0,0,0,0,0,1,0,0,0,1,1,0,0,0,0,0,0,0,0,0,0,0,0,0,50,26,47,40,40,0.86,62
1982,2019-07-01,33,24,0,0,1,0,0,0,0,0,0,1,0,0,0,1,1,0,0,0,0,0,0,0,0,0,0,0,0,0,72,37,63,42,42,0.98,92
1983,2019-07-02,36,25,0,0,1,0,0,0,0,0,0,0,1,0,0,0,1,0,0,0,0,0,0,0,0,0,0,0,0,0,63,30,56,41,41,0.89,80
1984,2019-07-03,34,24,0,0,0,0,0,0,1,0,0,0,1,0,0,0,1,0,0,0,0,0,0,0,0,0,0,0,0,0,54,32,57,37,37,0.87,60
1985,2019-07-04,26,22,0,0,0,0,0,0,0,0,1,1,0,0,0,0,1,0,0,0,0,0,0,0,0,0,0,0,0,0,33,21,32,27,27,0.7,40
1986,2019-07-05,27,21,1,0,0,0,0,0,0,0,0,1,0,0,0,0,1,0,0,0,0,0,0,0,0,0,0,0,0,0,46,21,35,33,33,0.75,70
1987,2019-07-06,30,23,1,0,0,0,0,0,0,0,0,0,1,0,0,0,0,1,0,0,0,0,0,0,0,0,0,0,0,0,52,29,52,45,45,0.88,50
1988,2019-07-07,26,23,0,0,0,1,0,0,0,0,0,1,0,0,0,0,1,0,0,0,0,0,0,0,0,0,0,0,1,0,51,30,51,40,40,0.84,34
1989,2019-07-12,27,23,0,0,0,0,0,0,0,1,0,0,1,0,0,0,0,0,0,0,0,0,1,0,0,0,0,0,1,0,23,15,22,30,30,0.67,44
1990,2019-07-13,30,23,0,0,0,0,0,0,0,1,0,0,1,0,0,0,1,0,0,0,0,0,0,0,0,0,0,0,0,0,46,22,35,29,29,0.72,90
1991,2019-07-14,31,23,0,0,1,0,0,0,0,0,0,1,0,0,0,0,1,0,0,0,0,0,0,0,0,0,0,0,0,0,56,22,41,36,36,0.78,91
1992,2019-07-15,29,24,1,0,0,0,0,0,0,0,0,1,0,0,0,0,1,0,0,0,0,0,0,0,0,0,0,0,1,0,30,16,26,27,27,0.77,71
1993,2019-07-16,29,24,0,0,0,0,0,0,0,0,1,1,0,0,0,0,1,0,0,0,0,0,0,0,0,0,0,0,1,0,35,21,35,31,31,0.85,34
1994,2019-07-17,30,24,0,0,0,0,0,0,1,0,0,1,0,0,0,0,1,0,0,0,0,0,0,0,0,0,0,0,0,0,43,26,43,30,30,0.89,56
1995,2019-07-18,27,24,0,0,0,0,0,0,0,0,1,1,0,0,0,0,1,0,0,0,0,0,0,0,0,0,0,0,1,0,32,18,31,37,37,0.97,28
1996,2019-07-19,28,24,0,0,0,0,0,0,0,0,1,1,0,0,0,0,1,0,0,0,0,0,0,0,0,0,0,0,0,0,34,20,34,36,36,0.99,39
1997,2019-07-20,30,25,0,0,0,0,0,0,0,1,0,1,0,0,0,0,1,1,0,0,0,0,0,0,0,0,0,0,0,0,33,18,32,32,32,0.78,39
1998,2019-07-21,32,26,0,1,0,0,0,0,0,0,0,0,1,0,0,0,1,0,0,0,0,0,0,0,0,0,0,0,1,0,39,18,33,26,26,0.71,58
1999,2019-07-22,33,26,1,0,0,0,0,0,0,0,0,0,1,0,0,0,1,0,0,0,0,0,0,0,0,0,0,0,1,0,32,15,29,25,25,0.66,59
2000,2019-07-23,30,24,0,0,0,0,0,0,0,0,1,0,1,0,0,0,0,1,0,0,0,0,0,0,0,0,0,0,0,0,33,16,33,24,24,0.67,57
2001,2019-07-24,30,24,0,0,0,0,0,0,0,0,1,1,0,0,0,0,1,0,0,0,0,0,0,0,0,0,0,0,1,0,44,23,41,38,38,0.93,58
2002,2019-07-25,31,25,0,0,0,0,0,0,0,1,0,0,1,0,0,0,1,1,0,0,0,0,0,0,0,0,0,0,0,0,39,22,38,35,35,0.88,46
2003,2019-07-26,37,26,0,1,0,0,0,0,0,0,0,0,1,0,0,1,0,0,0,0,0,0,0,0,0,0,0,0,0,0,38,15,29,25,25,0.66,81
2004,2019-08-06,32,24,0,0,0,0,0,0,1,0,0,0,1,0,0,0,0,1,0,0,0,0,0,0,0,0,0,0,1,0,35,19,34,32,32,0.76,26
2005,2019-08-07,30,24,0,0,0,0,0,0,0,1,0,0,1,0,0,0,1,0,0,0,0,0,0,0,0,0,0,0,0,0,29,16,27,25,25,0.69,46
2006,2019-08-08,32,25,1,0,0,0,0,0,0,0,0,1,0,0,0,0,1,0,0,0,0,0,0,0,0,0,0,0,1,0,42,21,37,34,34,0.84,57
2007,2019-08-09,30,25,0,0,0,0,0,0,0,1,0,0,1,0,0,0,1,0,0,0,0,0,0,0,0,0,0,0,1,0,33,18,32,31,31,0.77,41
2008,2019-08-10,33,25,0,0,0,0,0,0,0,0,1,0,1,0,0,1,0,0,0,0,0,0,0,0,0,0,0,0,0,0,40,18,31,27,27,0.73,59
2009,2019-08-11,37,27,0,0,0,0,1,0,0,0,0,0,1,0,0,1,0,0,0,0,0,0,0,0,0,0,0,0,0,0,59,20,38,34,34,0.8,88
2010,2019-08-21,37,28,0,1,0,0,0,0,0,0,0,0,1,0,0,0,1,0,0,0,0,0,0,0,0,0,0,0,0,0,70,37,66,36,36,0.82,107
2011,2019-08-22,37,27,0,1,0,0,0,0,0,0,0,0,1,0,0,1,0,0,0,0,0,0,0,0,0,0,0,0,0,0,63,37,64,34,34,0.78,97
2012,2019-08-23,36,28,0,1,0,0,0,0,0,0,0,0,1,0,0,1,1,0,0,0,0,0,0,0,0,0,0,0,0,0,64,26,50,31,31,0.66,123
2013,2019-08-24,37,27,0,1,0,0,0,0,0,0,0,1,0,0,0,1,1,0,0,0,0,0,0,0,0,0,0,0,0,0,74,32,60,38,38,0.74,127
2014,2019-08-25,38,29,0,0,1,0,0,0,0,0,0,1,0,0,0,1,0,0,0,0,0,0,0,0,0,0,0,0,0,0,73,31,59,36,36,0.8,119
2015,2019-08-26,38,29,0,0,1,0,0,0,0,0,0,0,1,0,0,1,1,0,0,0,0,0,0,0,0,0,0,0,0,0,65,27,51,35,35,0.82,108
2016,2019-08-27,34,28,0,0,0,0,0,0,0,0,1,0,1,0,0,0,1,0,0,0,0,0,0,0,0,0,0,0,1,0,62,30,59,32,32,0.8,101
2017,2019-08-28,29,25,0,0,0,0,0,0,1,0,0,0,1,0,0,0,1,0,0,0,0,0,0,0,0,0,0,0,1,0,65,46,68,27,27,0.84,85
2018,2019-09-01,27,22,0,0,1,0,0,0,0,0,0,1,0,0,0,0,1,1,0,0,0,0,0,0,0,0,0,0,0,0,38,25,37,30,30,0.69,50
2019,2019-09-02,29,22,0,1,0,0,0,0,0,0,0,1,0,0,0,0,1,0,0,0,0,0,0,0,0,0,0,0,1,0,52,28,47,39,39,0.82,77
2020,2019-09-03,33,23,0,1,0,0,0,0,0,0,0,0,1,0,0,1,0,0,0,0,0,0,0,0,0,0,0,0,0,0,58,35,55,34,34,0.78,90
2021,2019-09-04,34,25,0,0,1,0,0,0,0,0,0,0,1,0,0,0,0,1,0,0,0,0,1,0,0,0,0,0,0,0,53,32,54,32,32,0.74,82
2022,2019-09-05,30,26,1,0,0,0,0,0,0,0,0,1,0,0,0,0,1,0,0,0,0,0,0,0,0,0,0,0,0,0,40,26,39,35,35,0.7,51
2023,2019-09-06,32,22,1,0,0,0,0,0,0,0,0,0,1,0,0,0,1,0,0,0,0,0,0,0,0,0,0,0,0,0,62,43,66,41,41,0.87,65
2024,2019-09-07,31,23,1,0,0,0,0,0,0,0,0,1,0,0,0,0,0,0,0,0,0,0,1,1,0,0,0,0,0,0,72,49,75,42,42,0.86,80
2025,2019-09-08,26,24,0,0,1,0,0,0,0,0,0,0,1,0,0,0,0,0,0,0,0,0,0,1,1,0,0,0,0,0,44,31,41,28,28,0.76,37
2026,2019-09-09,26,23,0,1,0,0,0,0,0,0,0,1,0,0,0,0,0,0,0,0,0,0,1,1,0,0,0,0,0,0,28,19,27,30,30,0.78,39
2027,2019-09-10,30,24,0,0,1,0,0,0,0,0,0,1,0,0,0,0,1,0,0,0,0,0,0,0,0,0,0,0,1,0,35,17,33,41,41,0.94,32
2028,2019-09-11,34,26,0,0,0,0,1,0,0,0,0,0,1,0,0,0,1,0,0,0,0,0,0,0,0,0,0,0,0,0,30,13,27,29,29,0.69,40
2029,2019-09-12,34,26,0,1,0,0,0,0,0,0,0,0,1,0,0,1,1,0,0,0,0,0,0,0,0,0,0,0,0,0,25,10,21,25,25,0.56,51
2030,2019-09-13,36,21,0,0,0,0,0,0,0,0,1,0,1,0,0,0,1,0,0,0,0,0,0,0,0,0,0,0,1,0,36,14,30,24,24,0.57,79
2031,2019-09-14,27,19,0,0,0,0,0,0,0,1,0,0,1,0,0,0,0,1,0,0,0,0,0,0,0,0,0,0,0,0,33,19,33,19,19,0.52,49
2032,2019-09-15,25,18,0,0,0,0,0,0,0,1,0,0,1,0,0,0,1,1,0,0,0,0,0,0,0,0,0,0,0,0,38,23,38,26,26,0.58,25
2033,2019-09-16,23,18,0,0,0,0,0,0,0,1,0,0,1,0,0,0,1,0,0,0,0,0,0,0,0,0,0,0,1,0,29,16,29,28,28,0.65,34
2034,2019-09-17,24,21,0,0,0,1,0,0,0,0,0,0,1,0,0,0,1,1,0,0,0,0,0,0,0,0,0,0,0,0,34,20,34,37,37,0.77,13
2035,2019-09-18,24,19,0,0,0,0,1,0,0,0,0,0,1,0,0,0,0,1,0,0,0,0,0,0,0,0,0,0,0,0,25,14,25,32,32,0.7,16
2036,2019-09-19,25,19,0,0,0,1,0,0,0,0,0,0,1,0,0,0,1,0,0,0,0,0,0,0,0,0,0,0,1,0,22,13,22,30,30,0.8,18
2037,2019-09-20,20,17,0,0,0,0,0,0,0,0,1,0,1,0,0,1,0,0,0,0,0,0,0,0,0,0,0,0,0,0,24,14,24,33,33,0.79,29
2038,2019-09-21,26,16,0,0,0,1,0,0,0,0,0,1,0,0,0,0,1,0,0,0,0,0,0,0,0,0,0,0,0,0,52,31,54,44,44,0.87,48
2039,2019-09-22,26,18,1,0,0,0,0,0,0,0,0,1,0,0,0,0,1,0,0,0,0,0,0,0,0,0,0,0,0,0,62,39,70,57,57,0.96,67
2040,2019-09-23,29,18,0,0,1,0,0,0,0,0,0,0,1,0,0,0,1,0,0,0,0,0,0,0,0,0,0,0,0,0,59,38,68,57,57,0.93,58
2041,2019-09-24,24,17,0,0,0,0,0,0,1,0,0,0,1,0,0,0,0,0,0,0,0,0,1,0,0,0,0,0,1,0,63,44,70,48,48,0.87,36
2042,2019-09-25,22,18,0,1,0,0,0,0,0,0,0,1,0,0,0,1,1,0,0,0,0,0,0,0,0,0,0,0,0,0,49,32,50,40,40,0.73,40
2043,2019-09-26,27,17,0,0,1,0,0,0,0,0,0,1,0,0,0,1,0,0,0,0,0,0,0,0,0,0,0,0,0,0,60,40,69,52,52,0.91,59
2044,2019-09-27,27,18,1,0,0,0,0,0,0,0,0,1,0,0,0,1,0,0,0,0,0,0,0,0,0,0,0,0,0,0,70,47,80,60,60,0.97,74
2045,2019-09-28,29,19,0,0,1,0,0,0,0,0,0,1,0,0,0,1,0,0,0,0,0,0,0,0,0,0,0,0,0,0,77,50,84,61,61,1.0,83
2046,2019-09-29,31,20,0,1,0,0,0,0,0,0,0,0,1,0,0,1,1,0,0,0,0,0,0,0,0,0,0,0,0,0,86,55,87,58,58,0.98,93
2047,2019-09-30,29,22,0,1,0,0,0,0,0,0,0,0,1,0,0,0,1,0,0,0,0,0,0,0,0,0,0,0,0,0,84,62,102,79,79,1.15,63
2048,2019-10-01,27,23,0,0,1,0,0,0,0,0,0,0,1,0,0,0,1,0,0,0,0,0,0,0,0,0,0,0,0,0,76,56,82,46,46,0.96,74
2049,2019-10-02,28,22,1,0,0,0,0,0,0,0,0,1,0,0,0,0,1,0,0,0,0,0,0,0,0,0,0,0,1,0,66,45,65,30,30,0.81,97
2050,2019-10-03,28,22,0,0,0,0,0,0,1,0,0,0,1,0,0,0,1,0,0,0,0,0,0,0,0,0,0,0,1,0,81,60,86,32,32,0.88,71
2051,2019-10-04,25,22,0,0,0,0,0,0,0,0,1,1,0,0,0,0,0,1,0,0,0,0,0,0,0,0,0,0,1,0,44,31,42,27,27,0.88,28
2052,2019-10-05,24,20,0,0,0,0,0,0,0,1,0,0,1,0,0,1,0,0,0,0,0,0,0,0,0,0,0,0,1,0,24,15,24,25,25,0.67,20
2053,2019-10-06,28,21,0,0,0,1,0,0,0,0,0,0,1,0,0,0,1,0,0,0,0,0,0,0,0,0,0,0,1,0,35,21,35,28,28,0.77,31
2054,2019-10-07,22,19,0,0,0,0,0,0,0,0,1,0,1,0,0,0,0,1,0,0,0,0,0,0,0,0,0,0,1,0,17,11,17,21,21,0.72,15
2055,2019-10-08,21,18,0,0,0,0,0,0,0,0,1,0,1,0,0,0,1,0,0,0,0,0,0,0,0,0,0,0,0,0,26,13,26,29,29,0.73,18
2056,2019-10-09,25,17,0,0,0,1,0,0,0,0,0,0,1,0,0,0,0,1,0,0,0,0,0,0,0,0,0,0,1,0,35,18,35,31,31,0.82,7
2057,2019-10-10,23,18,0,0,0,0,0,0,0,1,0,0,1,0,0,0,1,0,0,0,0,0,0,0,0,0,0,0,1,0,31,18,31,30,30,0.74,15
2058,2019-10-11,18,17,0,0,0,0,0,0,0,0,1,0,1,0,0,1,0,0,0,0,0,0,0,0,0,0,0,0,0,0,40,22,41,36,36,0.72,26
2059,2019-10-12,22,18,0,0,0,0,1,0,0,0,0,1,0,0,0,1,1,0,0,0,0,0,0,0,0,0,0,0,0,0,45,24,46,40,40,0.75,15
2060,2019-10-13,23,18,1,0,0,0,0,0,0,0,0,1,0,0,0,0,0,0,0,0,0,0,1,0,0,0,0,0,1,0,47,27,48,37,37,0.82,15
2061,2019-10-14,21,18,1,0,0,0,0,0,0,0,0,0,1,0,0,0,1,0,0,0,0,0,0,0,0,0,0,0,1,0,27,16,27,36,36,0.86,12
2062,2019-10-15,20,15,1,0,0,0,0,0,0,0,0,0,1,0,0,0,0,0,0,0,0,0,1,0,0,0,0,0,1,0,26,16,26,28,28,0.76,25
2063,2019-10-16,19,16,1,0,0,0,0,0,0,0,0,1,0,0,0,0,1,0,0,0,0,0,0,0,0,0,0,0,0,0,19,10,17,32,32,0.74,27
2064,2019-10-17,19,15,1,0,0,0,0,0,0,0,0,1,0,0,0,1,0,0,0,0,0,0,0,0,0,0,0,0,0,0,31,18,31,41,41,0.9,24
2065,2019-10-18,24,14,1,0,0,0,0,0,0,0,0,0,1,0,0,1,0,0,0,0,0,0,0,0,0,0,0,0,0,0,46,25,46,43,43,0.94,34
2066,2019-10-19,25,14,1,0,0,0,0,0,0,0,0,0,1,0,0,0,1,0,0,0,0,0,0,0,0,0,0,0,0,0,42,21,42,46,46,0.75,43
2067,2019-10-20,19,18,1,0,0,0,0,0,0,0,0,1,0,0,0,0,1,0,0,0,0,0,0,0,0,0,0,0,1,0,42,26,42,49,49,0.83,15
2068,2019-10-21,20,16,1,0,0,0,0,0,0,0,0,0,1,0,0,0,1,0,0,0,0,0,0,0,0,0,0,0,1,0,31,19,31,33,33,0.78,13
2069,2019-10-22,19,16,0,0,0,0,0,0,0,0,1,1,0,0,0,0,0,1,0,0,0,0,0,0,0,0,0,0,0,0,18,12,17,31,31,0.8,8
2070,2019-10-23,22,16,1,0,0,0,0,0,0,0,0,0,1,0,0,0,1,0,0,0,0,0,0,0,0,0,0,0,0,0,27,16,27,34,34,0.78,34
2071,2019-10-24,20,16,1,0,0,0,0,0,0,0,0,0,1,0,0,0,0,0,0,0,0,0,1,1,0,0,0,0,0,0,37,21,37,45,45,0.85,19
2072,2019-10-25,16,13,0,0,0,0,0,0,0,0,1,0,1,0,0,0,0,0,0,0,0,0,1,1,0,0,0,0,0,0,19,12,19,30,30,0.6,18
2073,2019-10-26,15,13,0,0,0,0,0,0,0,1,0,1,0,0,0,0,0,1,0,0,0,0,0,0,0,0,0,0,1,0,19,12,19,30,30,0.65,13
2074,2019-10-27,15,12,0,0,0,0,0,0,0,1,0,0,1,0,0,0,1,1,0,0,0,0,0,0,0,0,0,0,0,0,24,15,24,32,32,0.67,14
2075,2019-10-28,20,13,0,0,0,0,0,0,0,1,0,1,0,0,0,1,0,0,0,0,0,0,0,0,0,0,0,0,0,0,40,24,41,40,40,0.88,18
2076,2019-10-29,23,13,1,0,0,0,0,0,0,0,0,0,1,0,0,0,1,1,0,0,0,0,0,0,0,0,0,0,0,0,47,29,48,46,46,1.0,30
2077,2019-10-30,21,14,0,0,1,0,0,0,0,0,0,1,0,0,0,0,1,1,0,0,0,0,0,0,0,0,0,0,0,0,66,45,77,63,63,1.16,37
2078,2019-10-31,22,15,1,0,0,0,0,0,0,0,0,1,0,0,0,0,1,0,0,0,0,0,0,0,0,0,0,0,0,0,71,51,86,66,66,1.23,19
2079,2019-11-01,20,16,0,0,0,1,0,0,0,0,0,1,0,0,0,0,0,0,0,0,0,0,1,0,0,0,0,0,1,0,71,51,83,52,52,1.09,11
2080,2019-11-02,17,14,0,0,0,0,0,0,1,0,0,1,0,0,0,1,1,0,0,0,0,0,0,0,0,0,0,0,0,0,47,31,47,41,41,0.86,13
2081,2019-11-03,22,14,1,0,0,0,0,0,0,0,0,1,0,0,0,1,0,0,0,0,0,0,0,0,0,0,0,0,0,0,52,35,55,43,43,0.94,21
2082,2019-11-04,21,15,1,0,0,0,0,0,0,0,0,0,1,0,0,0,0,1,0,0,0,0,0,0,0,0,0,0,0,0,61,42,70,48,48,1.03,20
2083,2019-11-05,18,15,0,0,1,0,0,0,0,0,0,1,0,0,0,0,0,0,0,0,0,0,1,0,0,0,0,0,1,0,50,34,51,49,49,0.88,15
2084,2019-11-06,15,13,1,0,0,0,0,0,0,0,0,0,1,0,0,0,1,0,0,0,0,0,0,0,0,0,0,0,0,0,57,40,56,51,51,0.98,32
2085,2019-11-07,19,12,1,0,0,0,0,0,0,0,0,1,0,0,0,0,1,0,0,0,0,0,0,0,0,0,0,0,0,0,64,46,69,51,51,0.99,31
2086,2019-11-08,19,14,0,0,1,0,0,0,0,0,0,0,1,0,0,0,1,1,0,0,0,0,0,0,0,0,0,0,0,0,60,41,67,56,56,1.06,13
2087,2019-11-09,19,16,1,0,0,0,0,0,0,0,0,1,0,0,0,0,0,1,0,0,0,0,0,0,0,0,0,0,0,0,63,43,76,52,52,1.1,8
2088,2019-11-10,17,14,0,0,0,0,1,0,0,0,0,1,0,0,0,0,1,0,0,0,0,0,0,0,0,0,0,0,0,0,75,54,86,49,49,1.08,20
2089,2019-11-11,19,16,1,0,0,0,0,0,0,0,0,0,1,0,0,0,1,1,0,0,0,0,0,0,0,0,0,0,0,0,76,56,89,55,55,1.1,12
2090,2019-11-12,17,15,1,0,0,0,0,0,0,0,0,1,0,0,0,0,0,1,0,0,0,0,0,0,0,0,0,0,1,0,63,45,64,45,45,0.99,10
2091,2019-11-13,15,12,0,0,0,0,1,0,0,0,0,1,0,0,0,0,1,1,0,0,0,0,0,0,0,0,0,0,0,0,45,28,45,36,36,0.78,13
2092,2019-11-14,19,13,0,0,1,0,0,0,0,0,0,0,1,0,0,1,1,0,0,0,0,0,0,0,0,0,0,0,0,0,44,23,45,43,43,0.7,21
2093,2019-11-15,18,10,1,0,0,0,0,0,0,0,0,1,0,0,0,0,1,0,0,0,0,0,0,0,0,0,0,0,0,0,62,39,75,58,58,0.9,16
2094,2019-11-16,16,14,0,0,0,1,0,0,0,0,0,0,1,0,0,0,1,0,0,0,0,0,0,0,0,0,0,0,0,0,88,65,111,57,57,0.97,7
2095,2019-11-17,14,12,0,0,0,0,0,0,1,0,0,0,1,0,0,0,0,0,0,0,0,0,1,0,0,0,0,0,1,0,67,49,72,40,40,0.81,16
2096,2019-11-18,11,9,0,0,0,0,0,0,0,0,1,0,1,0,0,0,0,1,0,0,0,0,0,0,0,0,0,0,0,0,33,19,32,32,32,0.55,24
2097,2019-11-19,12,9,0,0,0,0,0,0,0,0,1,1,0,0,0,0,0,1,0,0,0,0,0,0,0,0,0,0,0,0,58,32,65,43,43,0.69,5
2098,2019-11-20,12,10,0,0,0,0,0,0,0,0,1,1,0,0,0,0,0,1,0,0,0,0,0,0,0,0,0,0,0,0,67,46,84,38,38,0.77,3
2099,2019-11-21,16,11,1,0,0,0,0,0,0,0,0,1,0,0,0,0,1,0,0,0,0,0,0,0,0,0,0,0,0,0,61,42,70,40,40,0.77,8
2100,2019-11-22,14,11,1,0,0,0,0,0,0,0,0,0,1,0,0,0,1,1,0,0,0,0,0,0,0,0,0,0,0,0,66,48,79,43,43,0.79,5
2101,2019-11-23,13,12,0,0,0,1,0,0,0,0,0,1,0,0,0,0,0,1,0,0,0,0,0,0,0,0,0,0,1,0,70,51,75,40,40,0.82,5
2102,2019-11-24,13,8,0,0,0,0,0,0,0,0,1,0,1,0,0,0,0,1,0,0,0,0,0,0,0,0,0,0,1,0,38,27,36,32,32,0.68,11
2103,2019-11-25,11,8,0,0,0,0,0,0,0,0,1,0,1,0,0,0,0,1,0,0,0,0,0,0,0,0,0,0,0,0,27,17,26,31,31,0.51,25
2104,2019-11-26,11,9,1,0,0,0,0,0,0,0,0,0,1,0,0,0,0,1,0,0,0,0,0,0,0,0,0,0,0,0,30,20,29,33,33,0.71,6
2105,2019-11-27,12,9,0,0,1,0,0,0,0,0,0,1,0,0,0,0,0,1,0,0,0,0,0,0,0,0,0,0,0,0,37,24,36,30,30,0.77,6
2106,2019-11-28,10,9,1,0,0,0,0,0,0,0,0,0,1,0,0,0,0,1,0,0,0,0,0,0,0,0,0,0,0,0,36,23,35,29,29,0.79,6
2107,2019-11-29,12,9,0,0,1,0,0,0,0,0,0,0,1,0,0,0,0,1,0,0,0,0,0,0,0,0,0,0,1,0,30,18,29,35,35,0.69,17
2108,2019-11-30,9,8,1,0,0,0,0,0,0,0,0,0,1,0,0,0,1,0,0,0,0,0,0,0,0,0,0,0,0,0,44,28,44,35,35,0.81,10
2109,2019-12-01,9,7,0,0,0,0,0,0,1,0,0,0,1,0,0,0,1,1,0,0,0,0,0,0,0,0,0,0,0,0,47,32,46,34,34,0.83,16
2110,2019-12-02,12,7,0,0,1,0,0,0,0,0,0,1,0,0,0,0,1,0,0,0,0,0,0,0,0,0,0,0,0,0,63,45,74,52,52,0.92,9
2111,2019-12-03,11,6,1,0,0,0,0,0,0,0,0,1,0,0,0,0,1,0,0,0,0,0,0,0,0,0,0,0,0,0,76,56,89,56,56,1.03,6
2112,2019-12-04,10,8,0,0,0,0,0,0,1,0,0,1,0,0,0,0,0,0,0,0,0,0,1,0,0,0,0,0,1,0,94,70,106,56,56,1.02,6
2113,2019-12-05,11,8,0,0,1,0,0,0,0,0,0,1,0,0,0,1,0,0,0,0,0,0,0,0,0,0,0,0,0,0,84,62,87,49,49,0.88,16
2114,2019-12-06,15,7,0,0,1,0,0,0,0,0,0,1,0,0,0,1,0,0,0,0,0,0,0,0,0,0,0,0,0,0,75,55,83,57,57,1.03,16
2115,2019-12-07,13,6,1,0,0,0,0,0,0,0,0,1,0,0,0,0,1,0,0,0,0,0,0,0,0,0,0,0,0,0,76,55,84,58,58,1.08,21
2116,2019-12-08,13,8,0,0,0,1,0,0,0,0,0,1,0,0,0,0,1,1,0,0,0,0,0,0,0,0,0,0,0,0,105,78,119,63,63,1.14,8
2117,2019-12-09,14,8,1,0,0,0,0,0,0,0,0,1,0,0,0,0,0,1,0,0,0,0,0,0,0,0,0,0,0,0,129,97,138,66,66,1.28,15
2118,2019-12-10,15,9,0,0,0,1,0,0,0,0,0,1,0,0,0,1,0,0,0,0,0,0,0,0,0,0,0,0,0,0,128,97,138,73,73,1.26,16
2119,2019-12-11,13,9,1,0,0,0,0,0,0,0,0,1,0,0,0,0,0,1,0,0,0,0,0,0,0,0,0,0,0,0,135,103,142,65,65,1.31,9
2120,2019-12-12,12,9,0,0,0,0,0,0,1,0,0,1,0,0,0,0,1,0,0,0,0,0,0,0,0,0,0,0,0,0,142,108,145,62,62,1.28,8
2121,2019-12-13,15,10,0,0,0,0,0,0,1,0,0,1,0,0,0,0,0,1,0,0,0,0,0,0,0,0,0,0,0,0,146,111,155,57,57,1.44,5
2122,2019-12-14,14,9,0,0,0,1,0,0,0,0,0,1,0,0,0,0,0,1,0,0,0,0,0,0,0,0,0,0,0,0,151,115,154,44,44,1.25,4
2123,2019-12-15,13,10,0,0,0,1,0,0,0,0,0,1,0,0,0,0,1,0,0,0,0,0,0,0,0,0,0,0,0,0,101,75,100,44,44,1.19,6
2124,2019-12-16,14,11,0,0,0,0,0,0,0,0,1,0,1,0,0,0,1,0,0,0,0,0,0,0,0,0,0,0,0,0,94,70,94,49,49,1.1,14
2125,2019-12-17,12,8,0,0,0,1,0,0,0,0,0,0,1,0,0,0,0,1,0,0,0,0,0,0,0,0,0,0,1,0,92,68,99,45,45,1.3,5
2126,2019-12-18,10,9,0,0,0,0,0,0,1,0,0,0,1,0,0,0,1,1,0,0,0,0,0,0,0,0,0,0,0,0,43,30,40,36,36,0.84,14
2127,2019-12-19,9,6,1,0,0,0,0,0,0,0,0,0,1,0,0,0,0,1,0,0,0,0,0,0,0,0,0,0,1,0,41,28,38,36,36,0.77,14
2128,2019-12-20,10,7,1,0,0,0,0,0,0,0,0,0,1,0,0,0,0,1,0,0,0,0,0,0,0,0,0,0,1,0,42,29,41,34,34,0.89,6
2129,2019-12-21,11,8,0,0,0,1,0,0,0,0,0,1,0,0,0,0,0,1,0,0,0,0,0,0,0,0,0,0,0,0,52,36,49,38,38,0.87,6
2130,2019-12-22,11,7,1,0,0,0,0,0,0,0,0,1,0,0,0,0,1,1,0,0,0,0,0,0,0,0,0,0,0,0,52,36,51,36,36,0.86,10
2131,2019-12-23,12,8,0,0,0,1,0,0,0,0,0,1,0,0,0,0,1,0,0,0,0,0,0,0,0,0,0,0,0,0,66,47,71,45,45,0.96,9
2132,2019-12-24,12,8,1,0,0,0,0,0,0,0,0,0,1,0,0,0,1,0,0,0,0,0,0,0,0,0,0,0,0,0,70,50,78,43,43,1.02,6
2133,2019-12-25,10,9,0,0,0,1,0,0,0,0,0,1,0,0,0,0,0,1,0,0,0,0,0,0,0,0,0,0,0,0,75,54,79,41,41,0.96,6
2134,2019-12-26,9,7,0,0,0,0,0,0,1,0,0,0,1,0,0,0,0,1,0,0,0,0,1,0,0,0,0,0,0,0,61,41,61,36,36,0.7,21
2135,2019-12-27,7,4,0,0,0,0,0,0,1,0,0,1,0,0,0,0,0,1,0,0,0,0,0,0,0,0,0,0,0,0,56,38,61,44,44,0.65,16
2136,2019-12-28,8,6,0,0,0,1,0,0,0,0,0,1,0,0,0,1,0,0,0,0,0,0,0,0,0,0,0,0,0,0,76,55,79,47,47,0.83,5
2137,2019-12-29,11,4,1,0,0,0,0,0,0,0,0,0,1,0,0,0,1,1,0,0,0,0,0,0,0,0,0,0,0,0,83,61,85,48,48,0.99,10
2138,2019-12-30,12,8,0,0,0,1,0,0,0,0,0,1,0,0,0,0,1,1,0,0,0,0,0,0,0,0,0,0,0,0,134,102,138,48,48,1.13,6
2139,2019-12-31,10,8,1,0,0,0,0,0,0,0,0,0,1,0,0,0,0,1,0,0,0,0,0,0,0,0,0,0,0,0,124,94,127,48,48,1.13,7
2140,2020-01-01,11,7,1,0,0,0,0,0,0,0,0,1,0,0,0,0,1,0,0,0,0,0,0,0,0,0,0,0,0,0,89,66,91,50,50,0.99,15
2141,2020-01-02,13,9,1,0,0,0,0,0,0,0,0,1,0,0,0,0,0,1,0,0,0,0,0,0,0,0,0,0,0,0,96,72,110,60,60,1.09,8
2142,2020-01-03,12,8,0,0,0,0,0,0,1,0,0,1,0,0,0,0,0,1,0,0,0,0,0,0,0,0,0,0,0,0,110,82,124,62,62,1.08,13
2143,2020-01-04,11,9,1,0,0,0,0,0,0,0,0,1,0,0,0,0,1,1,0,0,0,0,0,0,0,0,0,0,0,0,119,90,126,55,55,1.09,9
2144,2020-01-05,12,8,1,0,0,0,0,0,0,0,0,0,1,0,0,0,0,1,0,0,0,0,0,0,0,0,0,0,1,0,61,43,54,38,38,1.0,11
2145,2020-01-06,10,8,0,0,0,0,0,0,1,0,0,1,0,0,0,0,0,1,0,0,0,0,0,0,0,0,0,0,0,0,64,46,60,40,40,0.97,9
2146,2020-01-07,12,6,1,0,0,0,0,0,0,0,0,0,1,0,0,0,1,0,0,0,0,0,0,0,0,0,0,0,0,0,54,37,53,41,41,0.98,30
2147,2020-01-08,11,8,1,0,0,0,0,0,0,0,0,0,1,0,0,0,1,0,0,0,0,0,1,0,0,0,0,0,0,0,56,40,57,51,51,1.07,18
2148,2020-01-09,11,8,1,0,0,0,0,0,0,0,0,0,1,0,0,0,1,0,0,0,0,0,0,0,0,0,0,0,0,0,39,26,36,39,39,1.12,9
2149,2020-01-10,9,7,0,0,0,1,0,0,0,0,0,0,1,0,0,0,0,1,0,0,0,0,0,0,0,0,0,0,0,0,47,32,47,38,38,1.24,10
2150,2020-01-11,11,7,0,0,1,0,0,0,0,0,0,1,0,0,0,1,1,0,0,0,0,0,0,0,0,0,0,0,0,0,57,39,60,42,42,1.23,18
2151,2020-01-12,13,3,1,0,0,0,0,0,0,0,0,0,1,0,0,1,0,0,0,0,0,0,0,0,0,0,0,0,0,0,60,42,63,44,44,1.17,21
2152,2020-01-13,13,8,1,0,0,0,0,0,0,0,0,1,0,0,0,0,1,1,0,0,0,0,0,0,0,0,0,0,0,0,68,49,74,55,55,1.09,11
2153,2020-01-14,10,6,0,0,1,0,0,0,0,0,0,0,1,0,0,0,1,1,0,0,0,0,0,0,0,0,0,0,0,0,67,48,69,44,44,0.95,8
2154,2020-01-15,9,7,1,0,0,0,0,0,0,0,0,0,1,0,0,0,1,1,0,0,0,0,0,0,0,0,0,0,0,0,45,30,44,37,37,0.82,18
2155,2020-01-16,10,6,0,0,1,0,0,0,0,0,0,1,0,0,0,0,1,0,0,0,0,0,0,0,0,0,0,0,0,0,66,47,71,41,41,0.96,6
2156,2020-01-17,11,7,1,0,0,0,0,0,0,0,0,0,1,0,0,0,1,1,0,0,0,0,0,0,0,0,0,0,0,0,73,53,76,41,41,1.06,10
2157,2020-01-18,11,7,0,0,1,0,0,0,0,0,0,1,0,0,0,0,1,0,0,0,0,0,0,0,0,0,0,0,0,0,71,51,72,43,43,1.13,9
2158,2020-01-19,11,5,0,0,0,0,1,0,0,0,0,0,1,0,0,0,1,1,0,0,0,0,0,0,0,0,0,0,0,0,92,68,93,43,43,1.14,19
2159,2020-01-20,10,6,1,0,0,0,0,0,0,0,0,0,1,0,0,0,0,1,0,0,0,0,0,0,0,0,0,0,0,0,88,65,84,40,40,1.02,25
2160,2020-01-21,11,8,1,0,0,0,0,0,0,0,0,1,0,0,0,0,1,1,0,0,0,0,0,0,0,0,0,0,0,0,83,61,80,35,35,0.98,22
2161,2020-01-22,13,9,0,0,0,1,0,0,0,0,0,1,0,0,0,0,1,0,0,0,0,0,1,0,0,0,0,0,0,0,83,61,80,38,38,1.01,21
2162,2020-01-23,12,9,1,0,0,0,0,0,0,0,0,0,1,0,0,0,0,1,0,0,0,0,0,0,0,0,0,0,0,0,88,65,83,34,34,1.03,20
2163,2020-01-24,11,8,0,0,0,1,0,0,0,0,0,0,1,0,0,0,0,1,0,0,0,0,1,0,0,0,0,0,0,0,76,55,68,22,22,0.88,18
2164,2020-01-25,9,6,0,0,0,0,1,0,0,0,0,1,0,0,0,0,0,1,0,0,0,0,0,0,0,0,0,0,0,0,52,36,44,17,17,0.72,24
2165,2020-01-26,12,7,1,0,0,0,0,0,0,0,0,1,0,0,0,0,0,1,0,0,0,0,0,0,0,0,0,0,0,0,54,38,46,16,16,0.75,29
2166,2020-01-27,11,7,0,0,1,0,0,0,0,0,0,0,1,0,0,0,0,1,0,0,0,0,0,0,0,0,0,0,0,0,44,30,36,18,18,0.79,33
2167,2020-01-28,12,6,0,0,1,0,0,0,0,0,0,1,0,0,0,0,1,0,0,0,0,0,0,0,0,0,0,0,0,0,31,21,26,18,18,0.76,32
2168,2020-01-29,15,6,0,0,0,1,0,0,0,0,0,1,0,0,0,1,0,0,0,0,0,0,0,0,0,0,0,0,0,0,49,34,42,19,19,0.8,40
2169,2020-01-30,13,4,1,0,0,0,0,0,0,0,0,0,1,0,0,0,0,1,0,0,0,0,0,0,0,0,0,0,1,0,73,53,67,27,27,0.93,32
2170,2020-01-31,11,8,1,0,0,0,0,0,0,0,0,0,1,0,0,0,0,1,0,0,0,0,0,0,0,0,0,0,1,0,75,55,65,26,26,0.97,28
2171,2020-02-01,10,7,1,0,0,0,0,0,0,0,0,0,1,0,0,0,1,0,0,0,0,0,0,0,0,0,0,0,1,0,54,38,46,21,21,0.85,28
2172,2020-02-02,9,7,0,0,0,1,0,0,0,0,0,0,1,0,0,0,0,0,0,0,0,0,1,0,0,0,0,0,1,0,62,44,55,19,19,0.78,25
2173,2020-02-03,10,8,0,0,1,0,0,0,0,0,0,1,0,0,0,0,1,0,0,0,0,0,0,0,0,0,0,0,0,0,51,36,44,18,18,0.7,28
2174,2020-02-04,14,7,1,0,0,0,0,0,0,0,0,0,1,0,0,1,0,0,0,0,0,0,0,0,0,0,0,0,0,0,46,32,40,19,19,0.76,35
2175,2020-02-05,10,6,1,0,0,0,0,0,0,0,0,0,1,0,0,0,0,0,0,0,0,0,1,1,0,0,0,0,0,0,54,38,46,21,21,0.79,34
2176,2020-02-06,9,8,0,0,0,0,0,0,0,1,0,1,0,0,0,0,1,1,0,0,0,0,0,0,0,0,0,0,0,0,56,40,48,15,15,0.76,36
2177,2020-02-07,12,8,1,0,0,0,0,0,0,0,0,0,1,0,0,0,1,0,0,0,0,0,0,0,0,0,0,0,0,0,44,31,38,16,16,0.78,33
2178,2020-02-08,11,8,1,0,0,0,0,0,0,0,0,0,1,0,0,0,0,1,0,0,0,0,0,0,0,0,0,0,0,0,56,39,49,22,22,0.83,23
2179,2020-02-09,13,10,0,0,0,0,0,0,0,0,1,1,0,0,0,0,0,0,0,0,0,0,1,0,0,0,0,0,1,0,83,61,73,21,21,0.93,26
2180,2020-02-10,12,10,1,0,0,0,0,0,0,0,0,1,0,0,0,0,1,1,0,0,0,0,0,0,0,0,0,0,0,0,78,57,69,28,28,0.96,25
2181,2020-02-11,14,10,1,0,0,0,0,0,0,0,0,1,0,0,0,1,1,0,0,0,0,0,0,0,0,0,0,0,0,0,76,55,68,26,26,0.87,27
2182,2020-02-12,15,9,1,0,0,0,0,0,0,0,0,1,0,0,0,1,1,0,0,0,0,0,0,0,0,0,0,0,0,0,69,50,62,24,24,0.84,44
2183,2020-02-13,18,12,1,0,0,0,0,0,0,0,0,1,0,0,0,0,1,1,0,0,0,0,0,0,0,0,0,0,0,0,82,60,70,24,24,0.84,50
2184,2020-02-14,14,9,0,0,0,1,0,0,0,0,0,0,1,0,0,0,1,0,0,0,0,0,0,0,0,0,0,0,1,0,103,77,90,25,25,0.91,46
2185,2020-02-15,12,3,0,0,0,0,0,0,1,0,0,0,1,0,0,0,0,1,0,0,0,0,0,0,0,0,0,0,0,0,43,28,45,9,9,0.44,59
2186,2020-02-16,10,3,0,1,0,0,0,0,0,0,0,0,1,0,0,0,1,0,0,0,0,0,0,0,0,0,0,0,0,0,46,24,46,11,11,0.42,63
2187,2020-02-17,12,2,1,0,0,0,0,0,0,0,0,1,0,0,0,0,1,1,0,0,0,0,0,0,0,0,0,0,0,0,51,33,52,24,24,0.55,46
2188,2020-02-18,12,7,0,0,1,0,0,0,0,0,0,0,1,0,0,0,1,0,0,0,0,0,0,0,0,0,0,0,1,0,75,55,77,29,29,0.69,36
2189,2020-02-19,14,9,1,0,0,0,0,0,0,0,0,0,1,0,0,0,1,1,0,0,0,0,0,0,0,0,0,0,0,0,114,85,105,23,23,0.74,45
2190,2020-02-20,11,7,1,0,0,0,0,0,0,0,0,0,1,0,0,0,1,1,0,0,0,0,0,0,0,0,0,0,0,0,92,68,84,25,25,0.67,33
2191,2020-02-21,14,9,0,0,1,0,0,0,0,0,0,1,0,0,0,0,1,1,0,0,0,0,0,0,0,0,0,0,0,0,112,84,107,21,21,0.72,31
2192,2020-02-22,14,10,1,0,0,0,0,0,0,0,0,0,1,0,0,0,1,1,0,0,0,0,0,0,0,0,0,0,0,0,91,67,83,27,27,0.85,29
2193,2020-02-23,13,10,1,0,0,0,0,0,0,0,0,1,0,0,0,0,0,1,0,0,0,0,0,0,0,0,0,0,0,0,106,79,98,31,31,1.01,15
2194,2020-02-24,13,10,0,0,0,1,0,0,0,0,0,1,0,0,0,0,1,1,0,0,0,0,0,0,0,0,0,0,0,0,69,50,62,25,25,0.9,20
2195,2020-02-25,17,12,1,0,0,0,0,0,0,0,0,1,0,0,0,0,1,1,0,0,0,0,0,0,0,0,0,0,0,0,68,49,64,30,30,0.98,21
2196,2020-02-26,14,12,1,0,0,0,0,0,0,0,0,0,1,0,0,0,1,0,0,0,0,0,0,0,0,0,0,0,0,0,61,43,57,31,31,1.02,15
2197,2020-02-27,14,11,0,0,0,1,0,0,0,0,0,1,0,0,0,0,0,1,0,0,0,0,0,0,0,0,0,0,1,0,65,47,61,31,31,1.02,9
2198,2020-02-28,13,10,0,0,0,0,0,0,0,0,1,1,0,0,0,1,0,0,0,0,0,0,0,0,0,0,0,0,0,0,28,19,26,21,21,0.8,21
2199,2020-02-29,18,10,0,0,1,0,0,0,0,0,0,1,0,0,0,1,1,0,0,0,0,0,0,0,0,0,0,0,0,0,41,28,38,27,27,0.99,32
2200,2020-03-01,17,11,0,1,0,0,0,0,0,0,0,1,0,0,0,0,0,0,0,0,0,0,1,0,0,0,0,0,1,0,59,41,56,35,35,1.2,30
2201,2020-03-02,12,10,0,0,1,0,0,0,0,0,0,0,0,1,0,0,1,0,0,0,0,0,0,0,0,0,0,0,1,0,47,31,45,23,23,0.66,55
2202,2020-03-03,17,10,1,0,0,0,0,0,0,0,0,0,1,0,0,0,0,1,0,0,0,0,1,0,0,0,0,0,0,0,30,20,27,22,22,0.62,39
2203,2020-03-04,13,9,0,0,1,0,0,0,0,0,0,0,1,0,0,0,1,1,0,0,0,0,0,0,0,0,0,0,0,0,30,20,28,26,26,0.65,27
2204,2020-03-05,14,9,1,0,0,0,0,0,0,0,0,0,1,0,0,0,1,0,0,0,0,0,0,0,0,0,0,0,0,0,38,25,36,28,28,0.67,28
2205,2020-03-06,14,10,1,0,0,0,0,0,0,0,0,0,1,0,0,0,1,1,0,0,0,0,0,0,0,0,0,0,0,0,52,35,54,33,33,0.7,36
2206,2020-03-07,17,11,1,0,0,0,0,0,0,0,0,0,1,0,0,0,1,1,0,0,0,0,0,0,0,0,0,0,0,0,68,49,71,35,35,0.88,40
2207,2020-03-08,15,11,1,0,0,0,0,0,0,0,0,0,1,0,0,0,1,0,0,0,0,0,0,0,0,0,0,0,0,0,61,44,60,33,33,0.87,38
2208,2020-03-09,18,12,0,0,0,0,0,0,1,0,0,0,1,0,0,0,1,0,0,0,0,0,0,0,0,0,0,0,0,0,69,45,73,29,29,0.68,42
2209,2020-03-10,18,10,1,0,0,0,0,0,0,0,0,0,1,0,0,0,1,0,0,0,0,0,0,0,0,0,0,0,0,0,56,31,64,34,34,0.59,43
2210,2020-03-11,14,12,1,0,0,0,0,0,0,0,0,0,1,0,0,0,1,0,0,0,0,0,0,0,0,0,0,0,0,0,60,39,71,39,39,0.68,35
2211,2020-03-12,17,10,1,0,0,0,0,0,0,0,0,0,1,0,0,0,1,1,0,0,0,0,0,0,0,0,0,0,0,0,57,37,62,37,37,0.72,34
2212,2020-03-13,17,11,0,0,0,1,0,0,0,0,0,0,1,0,0,0,1,0,0,0,0,0,0,0,0,0,0,0,0,0,77,56,85,51,51,0.98,22
2213,2020-03-14,17,12,1,0,0,0,0,0,0,0,0,0,1,0,0,0,1,0,0,0,0,0,0,0,0,0,0,0,0,0,52,34,53,34,34,0.72,35
2214,2020-03-15,19,12,1,0,0,0,0,0,0,0,0,0,1,0,0,0,1,0,0,0,0,0,0,0,0,0,0,0,0,0,72,52,83,43,43,0.9,19
2215,2020-03-16,16,14,0,0,0,1,0,0,0,0,0,0,1,0,0,0,0,1,0,0,0,0,0,0,0,0,0,0,1,0,89,66,95,44,44,0.91,12
2216,2020-03-17,18,12,0,0,0,0,0,0,0,1,0,1,0,0,0,0,1,0,0,0,0,0,0,0,0,0,0,0,0,0,56,38,58,34,34,0.65,41
2217,2020-03-18,20,10,1,0,0,0,0,0,0,0,0,0,1,0,0,0,1,0,0,0,0,0,0,0,0,0,0,0,0,0,55,33,60,41,41,0.69,51
2218,2020-03-19,24,13,0,0,0,0,1,0,0,0,0,0,1,0,0,1,1,0,0,0,0,0,0,0,0,0,0,0,0,0,60,38,70,56,56,0.76,64
2219,2020-03-20,27,12,0,0,1,0,0,0,0,0,0,0,1,0,0,0,1,0,0,0,0,0,0,0,0,0,0,0,0,0,64,42,79,58,58,0.88,73
2220,2020-03-21,27,17,1,0,0,0,0,0,0,0,0,0,1,0,0,1,1,0,0,0,0,0,0,0,0,0,0,0,0,0,71,50,85,46,46,0.83,84
2221,2020-03-22,25,18,0,0,0,0,0,0,1,0,0,0,1,0,0,0,1,0,0,0,0,0,0,0,0,0,0,0,0,0,57,37,61,35,35,0.65,76
2222,2020-03-23,23,15,1,0,0,0,0,0,0,0,0,0,1,0,0,0,1,0,0,0,0,0,0,0,0,0,0,0,0,0,59,38,67,43,43,0.85,68
2223,2020-03-24,26,18,0,1,0,0,0,0,0,0,0,0,1,0,0,0,0,0,0,0,0,0,1,1,0,0,0,0,0,0,52,33,55,36,36,0.79,69
2224,2020-03-25,27,17,0,0,1,0,0,0,0,0,0,0,1,0,0,1,0,0,0,0,0,0,0,0,0,0,0,0,0,0,52,35,55,31,31,0.76,79
2225,2020-03-26,28,18,1,0,0,0,0,0,0,0,0,0,1,0,0,0,0,1,0,0,0,0,0,0,0,0,0,0,1,0,66,44,79,41,41,0.88,74
2226,2020-03-27,23,12,0,0,0,0,0,0,1,0,0,0,1,0,0,0,0,0,0,0,0,0,1,1,0,0,0,0,0,0,51,30,66,24,24,0.51,38
2227,2020-03-28,16,11,1,0,0,0,0,0,0,0,0,0,1,0,0,0,1,1,0,0,0,0,0,0,0,0,0,0,0,0,22,14,20,23,23,0.61,31
2228,2020-03-29,14,11,1,0,0,0,0,0,0,0,0,0,1,0,0,0,0,1,0,0,0,0,0,0,0,0,0,0,0,0,29,18,28,28,28,0.51,35
2229,2020-03-30,19,12,1,0,0,0,0,0,0,0,0,0,1,0,0,0,0,1,0,0,0,0,0,0,0,0,0,0,0,0,36,24,35,33,33,0.64,21
2230,2020-03-31,20,11,0,0,0,0,0,0,1,0,0,0,1,0,0,0,1,0,0,0,0,0,0,0,0,0,0,0,0,0,44,28,44,36,36,0.67,40
2231,2020-04-01,19,12,1,0,0,0,0,0,0,0,0,0,1,0,0,0,1,1,0,0,0,0,0,0,0,0,0,0,0,0,47,30,48,44,44,0.79,25
2232,2020-04-02,16,13,1,0,0,0,0,0,0,0,0,0,1,0,0,0,1,0,0,0,0,0,0,0,0,0,0,0,1,0,50,31,51,45,45,0.81,17
2233,2020-04-03,18,15,1,0,0,0,0,0,0,0,0,0,1,0,0,0,1,0,0,0,0,0,0,0,0,0,0,0,1,0,51,33,52,40,40,0.72,25
2234,2020-04-04,17,12,1,0,0,0,0,0,0,0,0,1,0,0,0,0,0,0,0,0,0,0,1,0,0,0,0,0,1,0,52,36,52,40,40,0.74,18
2235,2020-04-05,15,12,1,0,0,0,0,0,0,0,0,1,0,0,0,0,0,1,0,0,0,0,0,0,0,0,0,0,0,0,49,34,45,38,38,0.78,16
2236,2020-04-06,16,11,0,0,0,1,0,0,0,0,0,1,0,0,0,0,0,1,0,0,0,0,0,0,0,0,0,0,0,0,54,37,58,48,48,0.84,21
2237,2020-04-07,19,13,0,0,1,0,0,0,0,0,0,1,0,0,0,0,0,1,0,0,0,0,0,0,0,0,0,0,1,0,56,37,64,53,53,1.01,38
2238,2020-04-08,21,15,0,0,0,0,0,0,0,1,0,0,1,0,0,1,0,0,0,0,0,0,0,0,0,0,0,0,0,0,61,43,65,52,52,0.99,47
2239,2020-04-09,26,15,0,0,1,0,0,0,0,0,0,0,1,0,0,0,0,0,0,0,0,0,1,0,0,0,0,0,1,0,54,34,60,52,52,0.96,49
2240,2020-04-10,20,14,1,0,0,0,0,0,0,0,0,0,1,0,0,0,0,1,0,0,0,0,0,0,0,0,0,0,1,0,52,34,54,44,44,0.79,42
2241,2020-04-11,17,14,1,0,0,0,0,0,0,0,0,0,1,0,0,0,1,0,0,0,0,0,0,0,0,0,0,0,0,0,32,19,30,31,31,0.7,58
2242,2020-04-12,24,13,0,0,1,0,0,0,0,0,0,0,1,0,0,0,1,0,0,0,0,0,0,0,0,0,0,0,0,0,47,23,49,41,41,0.77,61
2243,2020-04-13,21,15,1,0,0,0,0,0,0,0,0,0,1,0,0,0,1,0,0,0,0,0,0,0,0,0,0,0,0,0,59,33,67,61,61,0.84,28
2244,2020-04-14,23,13,0,0,1,0,0,0,0,0,0,1,0,0,0,1,0,0,0,0,0,0,0,0,0,0,0,0,0,0,60,40,69,49,49,0.78,56
2245,2020-04-15,27,13,1,0,0,0,0,0,0,0,0,0,1,0,0,0,1,0,0,0,0,0,0,0,0,0,0,0,0,0,61,37,70,61,61,0.83,78
2246,2020-04-16,25,19,0,0,0,1,0,0,0,0,0,1,0,0,0,0,1,0,0,0,0,0,0,0,0,0,0,0,1,0,78,52,98,72,72,1.0,80
2247,2020-04-17,23,19,0,0,0,1,0,0,0,0,0,0,1,0,0,0,0,0,0,0,0,0,1,1,0,0,0,0,0,0,84,61,107,68,68,1.05,36
2248,2020-04-18,20,17,1,0,0,0,0,0,0,0,0,0,1,0,0,0,1,0,0,0,0,0,0,0,0,0,0,0,0,0,39,26,38,33,33,0.72,26
2249,2020-04-19,24,15,1,0,0,0,0,0,0,0,0,0,1,0,0,0,0,0,0,0,0,0,1,0,0,0,0,0,1,0,35,22,34,31,31,0.73,35
2250,2020-04-20,18,16,0,0,0,0,0,0,1,0,0,0,1,0,0,0,0,1,0,0,0,0,0,0,0,0,0,0,0,0,35,23,34,33,33,0.69,33
2251,2020-04-21,18,14,1,0,0,0,0,0,0,0,0,1,0,0,0,0,0,1,0,0,0,0,0,0,0,0,0,0,1,0,23,14,21,32,32,0.58,30
2252,2020-04-22,14,11,1,0,0,0,0,0,0,0,0,0,1,0,0,0,0,1,0,0,0,0,0,0,0,0,0,0,1,0,21,14,18,27,27,0.55,43
2253,2020-04-23,13,11,1,0,0,0,0,0,0,0,0,1,0,0,0,0,1,0,0,0,0,0,0,0,0,0,0,0,1,0,27,18,25,29,29,0.51,50
2254,2020-04-24,16,10,0,0,1,0,0,0,0,0,0,1,0,0,0,0,1,0,0,0,0,0,0,0,0,0,0,0,0,0,40,26,40,36,36,0.63,48
2255,2020-04-25,20,13,1,0,0,0,0,0,0,0,0,1,0,0,0,1,1,0,0,0,0,0,0,0,0,0,0,0,0,0,51,31,54,53,53,0.78,37
2256,2020-04-26,24,12,0,0,0,0,1,0,0,0,0,1,0,0,0,1,1,0,0,0,0,0,0,0,0,0,0,0,0,0,50,27,54,53,53,0.82,57
2257,2020-04-27,28,15,0,1,0,0,0,0,0,0,0,1,0,0,0,1,0,0,0,0,0,0,0,0,0,0,0,0,0,0,69,36,75,71,71,0.9,83
2258,2020-04-28,31,18,0,1,0,0,0,0,0,0,0,0,1,0,0,0,0,1,0,0,0,0,0,0,0,0,0,0,0,0,69,33,76,74,74,0.91,84
2259,2020-04-29,29,18,0,1,0,0,0,0,0,0,0,0,1,0,0,0,1,0,0,0,0,0,0,0,0,0,0,0,1,0,67,33,78,71,71,0.92,85
2260,2020-04-30,25,19,0,0,0,0,0,0,0,0,1,1,0,0,0,0,0,1,0,0,0,0,0,0,0,0,0,0,0,0,75,54,79,49,49,0.87,84
2261,2020-05-01,28,19,0,0,1,0,0,0,0,0,0,1,0,0,0,1,1,0,0,0,0,0,0,0,0,0,0,0,0,0,69,45,69,49,49,0.92,81
2262,2020-05-02,32,18,0,0,1,0,0,0,0,0,0,1,0,0,0,1,0,0,0,0,0,0,0,0,0,0,0,0,0,0,73,39,71,58,58,0.91,97
2263,2020-05-03,34,22,0,0,1,0,0,0,0,0,0,0,1,0,0,0,1,1,0,0,0,0,0,0,0,0,0,0,0,0,76,36,73,59,59,0.82,108
2264,2020-05-04,30,23,1,0,0,0,0,0,0,0,0,0,1,0,0,0,0,1,0,0,0,0,0,0,0,0,0,0,1,0,65,30,63,44,44,0.72,98
2265,2020-05-05,33,23,0,0,1,0,0,0,0,0,0,0,1,0,0,0,1,0,0,0,0,0,0,0,0,0,0,0,1,0,62,25,51,35,35,0.69,114
2266,2020-05-06,32,23,0,0,1,0,0,0,0,0,0,0,1,0,0,1,0,0,0,0,0,0,0,0,0,0,0,0,0,0,34,14,28,24,24,0.65,91
2267,2020-05-07,31,22,1,0,0,0,0,0,0,0,0,0,1,0,0,0,1,0,0,0,0,0,0,0,0,0,0,0,1,0,40,17,34,26,26,0.66,91
2268,2020-05-08,28,21,0,0,0,0,0,0,1,0,0,0,1,0,0,0,1,0,0,0,0,0,0,0,0,0,0,0,0,0,34,18,33,24,24,0.67,66
2269,2020-05-09,23,19,0,0,0,0,0,0,0,0,1,0,1,0,0,0,1,0,0,0,0,0,0,0,0,0,0,0,0,0,42,21,43,32,32,0.59,47
2270,2020-05-10,26,17,0,0,1,0,0,0,0,0,0,0,1,0,0,0,1,0,0,0,0,0,0,0,0,0,0,0,1,0,46,22,44,32,32,0.5,85
2271,2020-05-11,26,20,1,0,0,0,0,0,0,0,0,0,1,0,0,0,1,0,0,0,0,0,0,0,0,0,0,0,0,0,49,27,51,42,42,0.62,60
2272,2020-05-12,27,18,1,0,0,0,0,0,0,0,0,1,0,0,0,0,0,1,0,0,0,0,0,0,0,0,0,0,1,0,55,30,61,42,42,0.73,54
2273,2020-05-13,24,17,0,0,0,1,0,0,0,0,0,0,1,0,0,0,0,0,0,0,0,0,0,1,0,0,0,0,1,0,60,37,69,43,43,0.69,42
2274,2020-05-14,24,18,1,0,0,0,0,0,0,0,0,1,0,0,0,0,1,0,0,0,0,0,0,0,0,0,0,0,0,0,51,34,51,42,42,0.8,33
2275,2020-05-15,31,19,1,0,0,0,0,0,0,0,0,1,0,0,0,0,1,0,0,0,0,0,0,0,0,0,0,0,1,0,43,23,37,35,35,0.84,72
2276,2020-05-16,28,20,0,0,0,0,0,0,0,1,0,0,1,0,0,0,1,0,0,0,0,0,0,0,0,0,0,0,0,0,49,28,49,39,39,0.78,76
2277,2020-05-17,32,22,0,0,0,0,1,0,0,0,0,0,1,0,0,1,0,0,0,0,0,0,0,0,0,0,0,0,0,0,58,34,62,48,48,0.79,75
2278,2020-05-18,33,22,0,0,1,0,0,0,0,0,0,0,1,0,0,1,1,0,0,0,0,0,0,0,0,0,0,0,0,0,71,33,69,53,53,0.86,97
2279,2020-05-19,34,22,0,1,0,0,0,0,0,0,0,0,0,1,0,0,1,0,0,0,0,0,0,0,0,0,0,0,1,0,52,26,56,39,39,0.66,83
2280,2020-05-20,30,24,0,0,1,0,0,0,0,0,0,0,1,0,0,0,1,0,0,0,0,0,0,0,0,0,0,0,1,0,43,25,44,27,27,0.65,69
2281,2020-05-21,28,21,1,0,0,0,0,0,0,0,0,0,1,0,0,0,1,1,0,0,0,0,0,0,0,0,0,0,0,0,40,25,40,36,36,0.75,35
2282,2020-05-22,31,21,0,0,0,0,1,0,0,0,0,1,0,0,0,0,1,0,0,0,0,0,0,0,0,0,0,0,0,0,53,33,56,39,39,0.76,68
2283,2020-05-23,33,23,0,0,1,0,0,0,0,0,0,1,0,0,0,1,0,0,0,0,0,0,0,0,0,0,0,0,1,0,77,34,70,57,57,0.83,109
2284,2020-05-24,27,17,0,0,0,0,0,0,0,0,1,0,1,0,0,0,0,0,0,0,0,0,0,1,0,0,0,0,1,0,53,33,61,48,48,0.76,50
2285,2020-05-25,22,18,0,0,0,0,0,0,0,0,1,0,1,0,0,0,0,1,0,0,0,0,0,0,0,0,0,0,0,0,26,16,26,27,27,0.57,51
2286,2020-05-26,23,18,0,0,0,0,0,0,1,0,0,0,1,0,0,0,0,1,0,0,0,0,0,0,0,0,0,0,1,0,44,23,45,47,47,0.69,30
2287,2020-05-27,23,18,0,0,0,0,0,0,0,1,0,0,1,0,0,0,0,0,0,0,0,0,1,0,0,0,0,0,1,0,54,33,57,46,46,0.68,47
2288,2020-05-28,26,19,0,0,0,0,1,0,0,0,0,0,1,0,0,0,1,0,0,0,0,0,0,0,0,0,0,0,0,0,45,28,45,37,37,0.6,58
2289,2020-05-29,29,21,0,0,1,0,0,0,0,0,0,1,0,0,0,1,0,0,0,0,0,0,0,0,0,0,0,0,0,0,53,28,48,43,43,0.73,76
2290,2020-05-30,31,17,1,0,0,0,0,0,0,0,0,0,1,0,0,0,1,0,0,0,0,0,0,0,0,0,0,0,1,0,53,24,50,49,49,0.71,78
2291,2020-05-31,25,21,1,0,0,0,0,0,0,0,0,1,0,0,0,0,1,0,0,0,0,0,0,0,0,0,0,0,0,0,39,21,38,39,39,0.68,58
2292,2020-06-01,31,20,0,0,1,0,0,0,0,0,0,0,1,0,0,0,1,0,0,0,0,0,0,0,0,0,0,0,1,0,48,22,41,38,38,0.79,74
2293,2020-06-02,25,17,0,0,0,0,0,0,0,0,1,0,1,0,0,0,1,0,0,0,0,0,0,0,0,0,0,0,0,0,25,13,24,27,27,0.54,51
2294,2020-06-03,26,17,0,0,0,0,1,0,0,0,0,1,0,0,0,0,1,0,0,0,0,0,0,0,0,0,0,0,0,0,37,16,35,32,32,0.59,68
2295,2020-06-04,30,18,0,0,0,0,0,0,0,0,1,1,0,0,0,0,1,0,0,0,0,0,0,0,0,0,0,0,0,0,57,25,56,52,52,0.85,77
2296,2020-06-05,33,20,0,0,0,0,1,0,0,0,0,1,0,0,0,0,1,0,0,0,0,0,0,0,0,0,0,0,0,0,78,32,69,53,53,0.81,118
2297,2020-06-06,32,22,0,1,0,0,0,0,0,0,0,0,1,0,0,0,1,0,0,0,0,0,0,0,0,0,0,0,0,0,67,39,83,67,67,0.94,71
2298,2020-06-07,28,22,0,1,0,0,0,0,0,0,0,1,0,0,0,0,0,1,0,0,0,0,0,0,0,0,0,0,0,0,62,43,67,48,48,0.83,41
2299,2020-06-08,25,22,0,0,0,0,0,0,0,1,0,1,0,0,0,0,1,0,0,0,0,0,0,0,0,0,0,0,0,0,41,28,40,35,35,0.74,39
2300,2020-06-09,25,21,0,0,0,0,0,0,0,1,0,1,0,0,0,0,1,0,0,0,0,0,0,0,0,0,0,0,0,0,37,21,37,31,31,0.61,33
2301,2020-06-10,27,21,0,0,0,0,0,0,0,0,1,1,0,0,0,0,1,0,0,0,0,0,0,0,0,0,0,0,0,0,52,28,49,46,46,0.9,66
2302,2020-06-11,28,24,0,0,0,1,0,0,0,0,0,0,1,0,0,0,1,0,0,0,0,0,0,0,0,0,0,0,0,0,52,29,55,62,62,1.05,33
2303,2020-06-12,29,23,0,0,0,0,0,0,0,0,1,1,0,0,0,0,1,0,0,0,0,0,0,0,0,0,0,0,0,0,32,20,32,39,39,0.85,29
2304,2020-06-13,31,24,0,0,0,0,0,0,0,0,1,0,1,0,0,0,1,0,0,0,0,0,0,0,0,0,0,0,0,0,48,29,48,42,42,0.92,48
2305,2020-06-14,29,24,0,0,0,0,0,0,0,1,0,0,1,0,0,0,0,1,0,0,0,0,0,0,0,0,0,0,0,0,43,29,42,26,26,0.66,69
2306,2020-06-15,34,24,0,0,1,0,0,0,0,0,0,0,1,0,0,0,1,0,0,0,0,0,0,0,0,0,0,0,0,0,39,18,33,28,28,0.68,69
2307,2020-06-16,36,28,0,1,0,0,0,0,0,0,0,0,0,1,0,0,0,1,0,0,0,0,0,0,0,0,0,0,0,0,28,10,25,26,26,0.46,58
2308,2020-06-17,30,21,0,0,0,0,0,0,0,1,0,0,1,0,0,0,0,1,0,0,0,0,0,0,0,0,0,0,0,0,22,12,22,26,26,0.63,31
2309,2020-06-18,30,23,0,0,0,0,0,0,0,1,0,1,0,0,0,0,1,0,0,0,0,0,0,0,0,0,0,0,0,0,33,15,29,27,27,0.68,71
2310,2020-06-19,33,24,1,0,0,0,0,0,0,0,0,0,1,0,0,0,1,0,0,0,0,0,0,0,0,0,0,0,0,0,41,17,36,36,36,0.73,80
2311,2020-06-20,28,22,1,0,0,0,0,0,0,0,0,0,1,0,0,0,1,0,0,0,0,0,0,0,0,0,0,0,0,0,21,12,19,25,25,0.62,42
2312,2020-06-21,26,22,1,0,0,0,0,0,0,0,0,1,0,0,0,0,1,0,0,0,0,0,0,0,0,0,0,0,0,0,32,18,32,36,36,0.75,44
2313,2020-06-22,25,22,1,0,0,0,0,0,0,0,0,1,0,0,0,0,0,1,0,0,0,0,0,0,0,0,0,0,0,0,45,28,44,38,38,0.88,31
2314,2020-06-23,29,24,0,0,0,0,0,0,0,1,0,1,0,0,0,0,1,0,0,0,0,0,0,0,0,0,0,0,0,0,39,26,38,36,36,0.85,25
2315,2020-06-24,29,22,0,1,0,0,0,0,0,0,0,1,0,0,0,1,0,0,0,0,0,0,0,0,0,0,0,0,0,0,44,22,37,36,36,0.89,71
2316,2020-06-25,32,22,0,0,1,0,0,0,0,0,0,0,1,0,0,1,0,0,0,0,0,0,0,0,0,0,0,0,0,0,51,19,37,38,38,0.84,89
2317,2020-06-26,36,25,0,0,1,0,0,0,0,0,0,0,1,0,0,0,0,0,0,0,0,0,1,0,0,0,0,0,0,0,34,13,30,27,27,0.67,74
2318,2020-06-27,30,21,0,0,0,0,0,0,0,1,0,0,1,0,0,0,0,1,0,0,0,0,0,0,1,0,0,0,0,0,24,16,23,25,25,0.68,40
2319,2020-06-28,29,22,0,0,0,0,0,0,0,0,1,1,0,0,0,1,0,0,0,0,0,0,0,0,0,0,0,0,0,0,32,20,32,34,34,0.78,38
2320,2020-06-29,30,24,1,0,0,0,0,0,0,0,0,1,0,0,0,0,1,0,0,0,0,0,0,0,0,0,0,0,0,0,44,23,39,36,36,0.89,69
2321,2020-06-30,30,27,0,1,0,0,0,0,0,0,0,1,0,0,0,0,1,0,0,0,0,0,0,0,0,0,0,0,0,0,36,17,35,44,44,0.91,33
2322,2020-07-01,26,21,1,0,0,0,0,0,0,0,0,0,1,0,0,0,0,1,0,0,0,0,0,0,0,0,0,0,0,0,25,14,24,36,36,0.8,29
2323,2020-07-02,26,22,0,0,0,0,0,0,0,1,0,0,1,0,0,0,1,0,0,0,0,0,0,0,0,0,0,0,0,0,26,14,23,22,22,0.54,64
2324,2020-07-03,30,24,0,0,1,0,0,0,0,0,0,1,0,0,0,1,0,0,0,0,0,0,0,0,0,0,0,0,0,0,38,17,31,32,32,0.72,67
2325,2020-07-04,27,25,0,0,0,1,0,0,0,0,0,1,0,0,0,0,1,0,0,0,0,0,0,0,0,0,0,0,0,0,24,12,24,36,36,0.73,26
2326,2020-07-05,28,24,0,0,0,1,0,0,0,0,0,0,1,0,0,0,1,0,0,0,0,0,0,0,0,0,0,0,0,0,28,16,28,32,32,0.75,25
2327,2020-07-06,27,23,0,0,0,0,0,0,1,0,0,1,0,0,0,0,1,0,0,0,0,0,0,0,0,0,0,0,0,0,24,13,24,32,32,0.7,21
2328,2020-07-07,28,24,0,0,0,0,0,0,0,0,1,1,0,0,0,0,1,0,0,0,0,0,0,0,0,0,0,0,0,0,35,20,35,45,45,1.07,16
2329,2020-07-08,28,24,0,0,0,1,0,0,0,0,0,0,1,0,0,0,0,1,0,0,0,0,0,0,0,0,0,0,0,0,35,22,35,38,38,0.96,45
2330,2020-07-09,28,24,1,0,0,0,0,0,0,0,0,0,1,0,0,0,1,0,0,0,0,0,0,0,0,0,0,0,0,0,32,14,28,32,32,0.77,58
2331,2020-07-10,31,24,1,0,0,0,0,0,0,0,0,0,1,0,0,0,0,1,0,0,0,0,0,0,0,0,0,0,0,0,29,14,29,37,37,0.76,36
2332,2020-07-11,28,24,0,0,0,1,0,0,0,0,0,1,0,0,0,0,1,0,0,0,0,0,0,0,0,0,0,0,0,0,22,13,22,27,27,0.65,31
2333,2020-07-12,25,23,0,0,0,0,0,0,0,0,1,1,0,0,0,0,0,1,0,0,0,0,0,0,0,0,0,0,0,0,25,16,24,28,28,0.71,23
2334,2020-07-13,27,23,0,0,0,0,1,0,0,0,0,1,0,0,0,0,0,1,0,0,0,0,0,0,0,0,0,0,0,0,24,13,21,26,26,0.72,59
2335,2020-07-14,32,25,0,0,1,0,0,0,0,0,0,0,1,0,0,0,1,0,0,0,0,0,0,0,0,0,0,0,0,0,31,12,24,24,24,0.7,72
2336,2020-07-15,30,25,0,0,0,0,1,0,0,0,0,0,1,0,0,0,1,0,0,0,0,0,0,0,0,0,0,0,0,0,32,17,32,31,31,0.74,33
2337,2020-07-16,27,24,0,0,1,0,0,0,0,0,0,0,1,0,0,0,0,1,0,0,0,0,0,0,0,0,0,0,0,0,30,16,30,29,29,0.83,12
2338,2020-07-17,26,23,0,1,0,0,0,0,0,0,0,0,1,0,0,0,1,0,0,0,0,0,0,0,0,0,0,0,0,0,15,8,14,25,25,0.69,24
2339,2020-07-18,30,24,0,0,0,0,0,0,1,0,0,0,1,0,0,0,0,1,0,0,0,0,0,0,0,0,0,0,0,0,24,12,24,29,29,0.73,32
2340,2020-07-19,29,23,0,0,0,0,0,0,1,0,0,0,1,0,0,0,1,0,0,0,0,0,0,0,0,0,0,0,0,0,31,11,23,24,24,0.54,75
2341,2020-07-20,30,25,0,0,1,0,0,0,0,0,0,0,1,0,0,0,1,0,0,0,0,0,0,0,0,0,0,0,0,0,42,18,42,47,47,0.8,50
2342,2020-07-21,29,24,1,0,0,0,0,0,0,0,0,0,1,0,0,0,1,0,0,0,0,0,0,0,0,0,0,0,0,0,35,16,35,31,31,0.75,47
2343,2020-07-22,29,24,0,0,0,0,0,0,1,0,0,0,1,0,0,0,0,1,0,0,0,0,0,0,0,0,0,0,0,0,36,18,36,30,30,0.68,46
2344,2020-07-23,34,25,0,1,0,0,0,0,0,0,0,0,1,0,0,0,1,0,0,0,0,0,0,0,0,0,0,0,0,0,54,24,51,40,40,0.87,68
2345,2020-07-24,36,26,0,1,0,0,0,0,0,0,0,0,1,0,0,0,1,0,0,0,0,0,0,0,0,0,0,0,0,0,48,21,43,33,33,0.75,77
2346,2020-07-25,33,26,0,0,0,1,0,0,0,0,0,0,1,0,0,0,1,0,0,0,0,0,0,0,0,0,0,0,0,0,45,21,42,29,29,0.65,72
2347,2020-07-26,29,21,0,0,0,0,0,0,0,0,1,0,1,0,0,0,1,0,0,0,0,0,0,0,0,0,0,0,0,0,21,9,18,18,18,0.55,52
2348,2020-07-27,32,21,0,0,1,0,0,0,0,0,0,0,1,0,0,1,0,0,0,0,0,0,0,0,0,0,0,0,0,0,47,14,34,33,33,0.72,88
2349,2020-07-28,34,25,0,0,1,0,0,0,0,0,0,1,0,0,0,1,0,0,0,0,0,0,0,0,0,0,0,0,0,0,60,20,51,40,40,0.86,93
2350,2020-07-29,36,26,0,0,1,0,0,0,0,0,0,0,1,0,0,0,1,0,0,0,0,0,0,0,0,0,0,0,0,0,40,14,36,32,32,0.64,74
2351,2020-07-30,30,23,0,0,0,0,0,0,0,0,1,0,1,0,0,0,1,0,0,0,0,0,0,0,0,0,0,0,0,0,42,21,42,29,29,0.71,30
2352,2020-07-31,28,23,0,0,0,0,0,0,1,0,0,1,0,0,0,0,1,0,0,0,0,0,0,0,0,0,0,0,0,0,39,22,40,28,28,0.69,50
2353,2020-08-01,33,25,0,0,0,1,0,0,0,0,0,0,1,0,0,1,0,0,0,0,0,0,0,0,0,0,0,0,0,0,51,25,47,32,32,0.73,81
2354,2020-08-02,34,26,1,0,0,0,0,0,0,0,0,1,0,0,0,0,1,0,0,0,0,0,0,0,0,0,0,0,0,0,50,25,48,30,30,0.74,92
2355,2020-08-03,34,26,0,0,1,0,0,0,0,0,0,0,1,0,0,1,0,0,0,0,0,0,0,0,0,0,0,0,0,0,43,17,37,31,31,0.68,74
2356,2020-08-04,37,27,0,1,0,0,0,0,0,0,0,0,1,0,0,1,0,0,0,0,0,0,0,0,0,0,0,0,0,0,31,10,26,29,29,0.58,54
2357,2020-08-05,38,29,0,1,0,0,0,0,0,0,0,0,1,0,0,1,0,0,0,0,0,0,0,0,0,0,0,0,0,0,30,11,25,29,29,0.61,55
2358,2020-08-06,38,29,0,1,0,0,0,0,0,0,0,0,1,0,0,1,0,0,0,0,0,0,0,0,0,0,0,0,0,0,29,10,24,26,26,0.58,61
2359,2020-08-07,38,30,0,1,0,0,0,0,0,0,0,0,1,0,0,0,0,1,0,0,0,0,0,0,0,0,0,0,0,0,40,12,32,29,29,0.6,82
2360,2020-08-08,32,27,0,0,0,0,0,0,0,0,1,0,1,0,0,0,1,0,0,0,0,0,0,0,0,0,0,0,0,0,44,21,40,28,28,0.69,81
2361,2020-08-09,33,27,1,0,0,0,0,0,0,0,0,1,0,0,0,1,0,0,0,0,0,0,0,0,0,0,0,0,0,0,47,19,33,31,31,0.74,89
2362,2020-08-10,36,28,0,0,1,0,0,0,0,0,0,1,0,0,0,0,1,0,0,0,0,0,0,0,0,0,0,0,0,0,61,22,40,31,31,0.84,111
2363,2020-08-11,37,28,0,0,1,0,0,0,0,0,0,0,1,0,0,0,1,0,0,0,0,0,0,0,0,0,0,0,0,0,33,14,31,26,26,0.65,69
2364,2020-08-12,35,30,0,1,0,0,0,0,0,0,0,0,0,1,0,0,0,1,0,0,0,0,0,0,0,0,0,0,0,0,25,10,23,23,23,0.53,48
2365,2020-08-13,32,25,0,0,0,0,0,0,0,1,0,0,1,0,0,0,1,0,0,0,0,0,0,0,0,0,0,0,0,0,26,14,25,27,27,0.63,34
2366,2020-08-14,33,25,0,1,0,0,0,0,0,0,0,0,1,0,0,0,1,0,0,0,0,0,0,0,0,0,0,0,0,0,31,12,27,29,29,0.6,52
2367,2020-08-15,37,27,0,1,0,0,0,0,0,0,0,0,0,1,0,1,0,0,0,0,0,0,0,0,0,0,0,0,0,0,22,8,19,19,19,0.48,56
2368,2020-08-16,37,31,0,1,0,0,0,0,0,0,0,0,0,1,0,0,1,0,0,0,0,0,0,0,0,0,0,0,0,0,21,8,19,17,17,0.44,48
2369,2020-08-17,34,28,0,1,0,0,0,0,0,0,0,0,0,1,0,0,1,0,0,0,0,0,0,0,0,0,0,0,0,0,19,8,16,19,19,0.43,43
2370,2020-08-18,28,21,0,0,0,0,0,0,0,0,1,0,1,0,0,0,1,0,0,0,0,0,0,0,0,0,0,0,0,0,28,14,28,23,23,0.49,51
2371,2020-08-19,28,21,0,0,0,1,0,0,0,0,0,1,0,0,0,0,1,0,0,0,0,0,0,0,0,0,0,0,0,0,30,16,28,31,31,0.57,71
2372,2020-08-20,32,23,0,0,0,1,0,0,0,0,0,1,0,0,0,0,1,0,0,0,0,0,0,0,0,0,0,0,0,0,52,30,53,43,43,0.75,70
2373,2020-08-21,34,25,1,0,0,0,0,0,0,0,0,1,0,0,0,1,0,0,0,0,0,0,0,0,0,0,0,0,0,0,47,24,40,35,35,0.76,79
2374,2020-08-22,36,27,0,1,0,0,0,0,0,0,0,0,1,0,0,1,0,0,0,0,0,0,0,0,0,0,0,0,0,0,41,14,30,29,29,0.61,82
2375,2020-08-23,36,27,0,1,0,0,0,0,0,0,0,0,1,0,0,0,1,0,0,0,0,0,0,0,0,0,0,0,0,0,41,19,36,27,27,0.59,71
2376,2020-08-24,33,23,0,0,0,0,0,0,0,0,1,0,1,0,0,0,1,0,0,0,0,0,0,0,0,0,0,0,0,0,33,17,33,23,23,0.57,58
2377,2020-08-25,33,23,0,0,0,0,0,0,1,0,0,1,0,0,0,1,0,0,0,0,0,0,0,0,0,0,0,0,0,0,51,17,37,33,33,0.61,96
2378,2020-08-26,34,24,0,0,1,0,0,0,0,0,0,1,0,0,0,1,0,0,0,0,0,0,0,0,0,0,0,0,0,0,74,24,55,51,51,0.8,116
2379,2020-08-27,37,25,0,0,1,0,0,0,0,0,0,1,0,0,0,1,0,0,0,0,0,0,0,0,0,0,0,0,0,0,73,27,60,51,51,0.81,115
2380,2020-08-28,38,26,0,1,0,0,0,0,0,0,0,0,1,0,0,1,0,0,0,0,0,0,0,0,0,0,0,0,0,0,66,25,54,44,44,0.75,108
2381,2020-08-29,38,27,0,1,0,0,0,0,0,0,0,0,1,0,0,1,0,0,0,0,0,0,0,0,0,0,0,0,0,0,61,21,45,29,29,0.6,121
2382,2020-08-30,39,29,0,0,1,0,0,0,0,0,0,0,1,0,0,1,0,0,0,0,0,0,0,0,0,0,0,0,0,0,46,22,45,28,28,0.6,92
2383,2020-08-31,33,25,0,0,0,0,0,0,0,0,1,0,1,0,0,1,0,0,0,0,0,0,0,0,0,0,0,0,0,0,47,25,48,24,24,0.61,74
2384,2020-09-01,35,26,0,0,0,0,0,0,0,0,1,0,1,0,0,0,1,0,0,0,0,0,0,0,0,0,0,0,0,0,60,30,55,26,26,0.64,97
2385,2020-09-02,29,26,0,0,0,0,0,0,0,0,1,1,0,0,0,0,1,0,0,0,0,0,0,0,0,0,0,0,0,0,45,30,45,30,30,0.67,55
2386,2020-09-03,29,23,1,0,0,0,0,0,0,0,0,0,1,0,0,0,0,1,0,0,0,0,0,0,0,0,0,0,0,0,46,31,46,40,40,0.75,29
2387,2020-09-04,29,23,0,0,1,0,0,0,0,0,0,0,1,0,0,0,0,1,0,0,0,0,0,0,0,0,0,0,0,0,19,10,18,35,35,0.63,32
2388,2020-09-05,28,22,1,0,0,0,0,0,0,0,0,0,1,0,0,0,1,0,0,0,0,0,0,0,0,0,0,0,0,0,32,14,31,40,40,0.74,46
2389,2020-09-06,27,23,0,0,0,1,0,0,0,0,0,0,1,0,0,1,0,0,0,0,0,0,0,0,0,0,0,0,0,0,40,27,39,31,31,0.67,36
2390,2020-09-07,31,22,0,0,1,0,0,0,0,0,0,1,0,0,0,1,0,0,0,0,0,0,0,0,0,0,0,0,0,0,42,18,36,40,40,0.78,65
2391,2020-09-08,33,26,0,1,0,0,0,0,0,0,0,1,0,0,0,0,1,0,0,0,0,0,0,0,0,0,0,0,0,0,55,29,59,69,69,0.93,62
2392,2020-09-09,31,24,1,0,0,0,0,0,0,0,0,0,1,0,0,0,1,0,0,0,0,0,0,0,0,0,0,0,1,0,46,20,40,38,38,0.71,70
2393,2020-09-10,28,23,1,0,0,0,0,0,0,0,0,0,1,0,0,0,1,0,0,0,0,0,0,0,0,0,0,0,0,0,51,35,52,35,35,0.76,44
2394,2020-09-11,28,23,0,1,0,0,0,0,0,0,0,0,1,0,0,0,0,1,0,0,0,0,0,0,0,0,0,0,0,0,43,29,44,32,32,0.74,41
2395,2020-09-12,25,20,0,0,1,0,0,0,0,0,0,0,1,0,0,0,0,0,0,0,0,0,1,0,0,0,0,0,0,0,25,14,24,31,31,0.63,53
2396,2020-09-13,22,20,1,0,0,0,0,0,0,0,0,0,1,0,0,0,0,1,0,0,0,0,0,0,0,0,0,0,0,0,17,10,14,25,25,0.65,49
2397,2020-09-14,22,20,1,0,0,0,0,0,0,0,0,1,0,0,0,0,1,0,0,0,0,0,0,0,0,0,0,0,0,0,17,9,15,33,33,0.7,32
2398,2020-09-15,23,21,0,0,0,0,0,0,0,0,1,1,0,0,0,0,0,1,0,0,0,0,0,0,0,0,0,0,0,0,25,14,25,41,41,0.86,20
2399,2020-09-16,23,21,0,0,0,0,0,0,0,1,0,1,0,0,0,0,0,1,0,0,0,0,0,0,0,0,0,0,0,0,29,17,29,42,42,0.97,19
2400,2020-09-17,18,18,0,0,0,1,0,0,0,0,0,0,1,0,0,0,0,1,0,0,0,0,0,0,0,0,0,0,0,0,20,11,18,28,28,0.63,48
2401,2020-09-18,27,19,0,0,1,0,0,0,0,0,0,1,0,0,0,1,0,0,0,0,0,0,0,0,0,0,0,0,0,0,33,16,29,38,38,0.72,49
2402,2020-09-19,30,22,0,0,1,0,0,0,0,0,0,1,0,0,0,0,1,0,0,0,0,0,0,0,0,0,0,0,0,0,47,21,45,50,50,0.81,58
2403,2020-09-20,27,23,1,0,0,0,0,0,0,0,0,0,1,0,0,0,0,1,0,0,0,0,0,0,0,0,0,0,0,0,37,18,38,35,35,0.69,45
2404,2020-09-21,20,18,0,0,0,1,0,0,0,0,0,0,1,0,0,0,0,1,0,0,0,0,0,0,0,0,0,0,0,0,33,20,33,34,34,0.82,10
2405,2020-09-22,20,18,0,0,0,0,0,0,0,0,1,1,0,0,0,0,1,0,0,0,0,0,0,0,0,0,0,0,0,0,14,9,13,25,25,0.68,13
2406,2020-09-23,21,17,0,0,0,0,1,0,0,0,0,1,0,0,0,0,0,1,0,0,0,0,0,0,0,0,0,0,0,0,23,13,23,37,37,0.78,18
2407,2020-09-24,27,20,0,0,1,0,0,0,0,0,0,0,1,0,0,0,0,1,0,0,0,0,0,0,0,0,0,0,0,0,31,15,31,42,42,0.88,25
2408,2020-09-25,20,19,1,0,0,0,0,0,0,0,0,0,1,0,0,0,0,0,0,0,0,0,1,0,0,0,0,0,0,0,18,10,17,31,31,0.69,33
2409,2020-09-26,22,18,1,0,0,0,0,0,0,0,0,0,1,0,0,0,0,1,0,0,0,0,0,0,0,0,0,0,0,0,18,9,16,30,30,0.64,41
2410,2020-09-27,23,20,0,0,1,0,0,0,0,0,0,0,1,0,0,0,0,1,0,0,0,0,0,0,0,0,0,0,0,0,30,14,29,37,37,0.66,51
2411,2020-09-28,22,18,1,0,0,0,0,0,0,0,0,0,1,0,0,0,0,0,0,0,0,0,1,0,0,0,0,0,0,0,28,13,28,44,44,0.75,26
2412,2020-09-29,23,18,0,0,0,0,1,0,0,0,0,1,0,0,0,0,0,1,0,0,0,0,0,0,0,0,0,0,0,0,33,18,33,45,45,0.81,20
2413,2020-09-30,27,20,0,0,1,0,0,0,0,0,0,0,1,0,0,0,0,1,0,0,0,0,0,0,0,0,0,0,0,0,40,20,40,45,45,0.93,27
2414,2020-10-01,22,20,0,0,1,0,0,0,0,0,0,1,0,0,0,0,0,1,0,0,0,0,0,0,0,0,0,0,0,0,29,15,29,40,40,0.84,25
2415,2020-10-02,20,19,1,0,0,0,0,0,0,0,0,1,0,0,0,0,0,0,0,0,0,0,1,0,0,0,0,0,0,0,22,13,22,31,31,0.84,19
2416,2020-10-03,20,17,0,0,0,0,0,0,1,0,0,1,0,0,0,0,0,0,0,0,0,0,1,0,0,0,0,0,0,0,18,10,18,27,27,0.83,12
2417,2020-10-04,19,16,0,0,0,0,0,0,0,0,1,1,0,0,0,0,0,1,0,0,0,0,0,0,0,0,0,0,1,0,14,8,13,24,24,0.75,20
2418,2020-10-05,17,15,0,0,1,0,0,0,0,0,0,0,1,0,0,0,0,1,0,0,0,0,0,0,0,0,0,0,0,0,16,10,16,25,25,0.64,32
2419,2020-10-06,15,12,1,0,0,0,0,0,0,0,0,0,1,0,0,0,0,1,0,0,0,0,0,0,0,0,0,0,0,0,20,12,20,27,27,0.62,23
2420,2020-10-07,19,16,0,0,1,0,0,0,0,0,0,1,0,0,0,0,1,0,0,0,0,0,0,0,0,0,0,0,0,0,24,14,24,35,35,0.75,13
2421,2020-10-08,18,16,0,0,1,0,0,0,0,0,0,1,0,0,0,0,0,1,0,0,0,0,0,0,0,0,0,0,0,0,28,15,28,33,33,0.71,13
2422,2020-10-09,17,17,1,0,0,0,0,0,0,0,0,1,0,0,0,0,0,1,0,0,0,0,0,0,0,0,0,0,0,0,26,13,26,34,34,0.7,10
2423,2020-10-10,20,18,0,0,0,1,0,0,0,0,0,1,0,0,0,0,0,1,0,0,0,0,0,0,0,0,0,0,0,0,40,19,40,38,38,0.9,9
2424,2020-10-11,19,17,0,0,0,1,0,0,0,0,0,1,0,0,0,0,0,1,0,0,0,0,0,0,0,0,0,0,1,0,52,28,55,42,42,1.05,5
2425,2020-10-12,18,17,0,0,0,0,0,0,0,1,0,1,0,0,0,0,0,1,0,0,0,0,0,0,0,0,0,0,0,0,32,20,32,38,38,0.95,8
2426,2020-10-13,20,17,0,0,0,1,0,0,0,0,0,1,0,0,0,0,1,0,0,0,0,0,0,0,0,0,0,0,0,0,40,21,40,32,32,0.98,4
2427,2020-10-14,19,15,0,0,0,0,0,0,0,0,1,0,1,0,0,0,0,0,0,0,0,0,1,0,0,0,0,0,0,0,36,20,36,28,28,0.91,5
2428,2020-10-15,17,14,0,0,0,0,0,0,0,1,0,0,1,0,0,0,0,1,0,0,0,0,1,0,0,0,0,0,0,0,16,10,16,27,27,0.6,19
2429,2020-10-16,16,14,0,0,0,0,0,0,0,1,0,0,1,0,0,0,0,1,0,0,0,0,0,0,0,0,0,0,0,0,15,10,14,29,29,0.67,14
2430,2020-10-17,17,14,1,0,0,0,0,0,0,0,0,1,0,0,0,0,0,0,0,0,0,0,1,0,0,0,0,0,0,0,26,16,26,35,35,0.59,25
2431,2020-10-18,18,15,0,0,0,0,0,0,0,1,0,1,0,0,0,0,0,1,0,0,0,0,0,0,0,0,0,0,0,0,32,19,32,41,41,0.65,21
2432,2020-10-19,19,15,0,0,0,0,1,0,0,0,0,1,0,0,0,0,0,0,0,0,0,0,1,0,0,0,0,0,0,0,53,32,56,46,46,0.83,15
2433,2020-10-20,17,13,1,0,0,0,0,0,0,0,0,0,1,0,0,0,1,0,0,0,0,0,0,0,0,0,0,0,0,0,36,23,36,39,39,0.64,22
2434,2020-10-21,19,12,0,0,0,0,1,0,0,0,0,1,0,0,0,1,0,0,0,0,0,0,0,0,0,0,0,0,0,0,47,29,49,43,43,0.69,19
2435,2020-10-22,22,13,1,0,0,0,0,0,0,0,0,1,0,0,0,1,0,0,0,0,0,0,0,0,0,0,0,0,0,0,58,36,66,52,52,0.91,28
2436,2020-10-23,21,14,0,0,1,0,0,0,0,0,0,0,1,0,0,0,1,0,0,0,0,0,0,0,0,0,0,0,0,0,65,41,81,62,62,1.01,32
2437,2020-10-24,23,17,0,1,0,0,0,0,0,0,0,0,1,0,0,0,1,0,0,0,0,0,0,0,0,0,0,0,0,0,83,56,107,61,61,1.0,31
2438,2020-10-25,21,17,0,0,1,0,0,0,0,0,0,1,0,0,0,0,0,1,0,0,0,0,0,0,0,0,0,0,0,0,84,55,116,74,74,1.0,17
2439,2020-10-26,20,17,0,0,0,0,0,0,0,1,0,1,0,0,0,0,0,1,0,0,0,0,0,0,0,0,0,0,0,0,104,77,134,61,61,1.18,10
2440,2020-10-27,18,16,1,0,0,0,0,0,0,0,0,0,1,0,0,0,0,0,0,0,0,0,1,0,0,0,0,0,0,0,88,65,108,57,57,1.07,12
2441,2020-10-28,18,14,0,0,0,0,0,0,1,0,0,1,0,0,0,0,0,1,0,0,0,0,0,0,0,0,0,0,0,0,33,22,34,35,35,0.72,11
2442,2020-10-29,17,16,0,0,0,0,0,0,1,0,0,1,0,0,0,0,0,1,0,0,0,0,0,0,0,0,0,0,0,0,40,26,41,38,38,0.74,13
2443,2020-10-30,17,16,1,0,0,0,0,0,0,0,0,0,1,0,0,0,0,1,0,0,0,0,0,0,0,0,0,0,0,0,52,34,55,40,40,0.9,9
2444,2020-10-31,17,16,0,0,0,0,0,0,0,1,0,1,0,0,0,0,0,0,0,0,0,0,1,0,0,0,0,0,0,0,32,21,32,34,34,0.91,9
2445,2020-11-01,16,15,0,0,0,0,0,0,0,1,0,0,1,0,0,0,0,1,0,0,0,0,0,0,0,0,0,0,0,0,31,20,30,32,32,0.78,18
2446,2020-11-02,16,14,0,0,0,0,1,0,0,0,0,1,0,0,0,0,0,1,0,0,0,0,0,0,0,0,0,0,0,0,33,20,33,38,38,0.77,22
2447,2020-11-03,18,14,1,0,0,0,0,0,0,0,0,1,0,0,0,0,0,1,0,0,0,0,0,0,0,0,0,0,0,0,43,26,44,45,45,0.88,11
2448,2020-11-04,18,15,0,0,1,0,0,0,0,0,0,1,0,0,0,0,1,0,0,0,0,0,0,0,0,0,0,0,0,0,53,28,56,52,52,0.91,12
2449,2020-11-05,18,15,0,0,0,1,0,0,0,0,0,1,0,0,0,0,0,1,0,0,0,0,0,0,0,0,0,0,1,0,62,37,73,56,56,0.87,14
2450,2020-11-06,20,14,0,0,0,0,0,0,0,1,0,0,1,0,0,0,0,1,0,0,0,0,0,0,0,0,0,0,0,0,73,52,92,49,49,1.01,16
2451,2020-11-07,22,13,0,0,1,0,0,0,0,0,0,1,0,0,0,1,0,0,0,0,0,0,0,0,0,0,0,0,0,0,71,50,90,57,57,1.16,28
2452,2020-11-08,21,15,1,0,0,0,0,0,0,0,0,1,0,0,0,0,1,1,0,0,0,0,0,0,0,0,0,0,0,0,80,58,102,64,64,1.22,25
2453,2020-11-09,23,12,0,1,0,0,0,0,0,0,0,1,0,0,0,1,0,0,0,0,0,0,0,0,0,0,0,0,0,0,92,68,115,63,63,1.18,34
2454,2020-11-10,25,14,0,0,1,0,0,0,0,0,0,0,1,0,0,1,0,0,0,0,0,0,0,0,0,0,0,0,0,0,77,54,93,60,60,1.0,39
2455,2020-11-11,25,13,0,0,1,0,0,0,0,0,0,0,1,0,0,1,0,0,0,0,0,0,0,0,0,0,0,0,0,0,57,35,68,56,56,0.81,38
2456,2020-11-12,23,13,0,0,1,0,0,0,0,0,0,1,0,0,0,1,0,0,0,0,0,0,0,0,0,0,0,0,0,0,64,38,78,71,71,1.08,29
2457,2020-11-13,25,13,0,0,1,0,0,0,0,0,0,0,1,0,0,1,0,0,0,0,0,0,0,0,0,0,0,0,0,0,66,41,82,69,69,1.06,36
2458,2020-11-14,24,13,0,0,1,0,0,0,0,0,0,0,1,0,0,1,0,0,0,0,0,0,0,0,0,0,0,0,0,0,60,35,71,63,63,1.0,42
2459,2020-11-15,24,15,0,0,1,0,0,0,0,0,0,0,1,0,0,1,0,0,0,0,0,0,0,0,0,0,0,0,0,0,62,37,76,67,67,1.0,37
2460,2020-11-16,23,14,1,0,0,0,0,0,0,0,0,0,1,0,0,0,1,0,0,0,0,0,0,0,0,0,0,0,0,0,76,53,101,76,76,1.16,35
2461,2020-11-17,25,16,0,0,0,1,0,0,0,0,0,0,1,0,0,0,1,0,0,0,0,0,0,0,0,0,0,0,0,0,100,75,127,75,75,1.15,42
2462,2020-11-18,21,15,0,0,0,0,0,0,0,0,1,0,1,0,0,1,0,0,0,0,0,0,0,0,0,0,0,0,0,0,62,39,67,46,46,0.82,37
2463,2020-11-19,22,16,0,0,0,1,0,0,0,0,0,1,0,0,0,1,0,0,0,0,0,0,0,0,0,0,0,0,0,0,67,41,84,64,64,0.97,39
2464,2020-11-20,18,10,1,0,0,0,0,0,0,0,0,0,1,0,0,0,0,1,0,0,0,0,0,0,0,0,0,0,0,0,58,36,66,50,50,0.91,20
2465,2020-11-21,16,8,1,0,0,0,0,0,0,0,0,0,1,0,0,0,0,1,0,0,0,0,0,0,0,0,0,0,0,0,34,20,34,31,31,0.74,16
2466,2020-11-22,9,8,0,0,0,0,0,0,0,0,1,0,1,0,0,0,0,1,0,0,0,0,0,0,0,0,0,0,0,0,23,15,21,28,28,0.66,18
2467,2020-11-23,10,9,0,0,0,0,0,0,0,1,0,0,1,0,0,0,1,0,0,0,0,0,0,0,0,0,0,0,0,0,25,15,24,28,28,0.6,11
2468,2020-11-24,12,8,1,0,0,0,0,0,0,0,0,0,1,0,0,0,0,1,0,0,0,0,0,0,0,0,0,0,0,0,28,18,27,31,31,0.76,5
2469,2020-11-25,12,10,0,0,0,1,0,0,0,0,0,1,0,0,0,0,1,0,0,0,0,0,0,0,0,0,0,0,0,0,27,17,26,28,28,0.83,7
2470,2020-11-26,13,11,0,0,0,0,0,0,1,0,0,1,0,0,0,0,0,1,0,0,0,0,0,0,0,0,0,0,0,0,50,34,54,38,38,0.83,9
2471,2020-11-27,13,10,1,0,0,0,0,0,0,0,0,1,0,0,0,0,0,1,0,0,0,0,0,0,0,0,0,0,0,0,60,42,66,40,40,0.85,6
2472,2020-11-28,11,8,0,0,1,0,0,0,0,0,0,1,0,0,0,0,0,1,0,0,0,0,0,0,0,0,0,0,0,0,33,21,32,34,34,0.66,16
2473,2020-11-29,13,9,1,0,0,0,0,0,0,0,0,0,1,0,0,0,1,0,0,0,0,0,0,0,0,0,0,0,0,0,44,28,45,36,36,0.77,12
2474,2020-11-30,12,10,1,0,0,0,0,0,0,0,0,0,1,0,0,0,0,1,0,0,0,0,0,0,0,0,0,0,0,0,49,29,51,43,43,0.9,8
2475,2020-12-01,12,9,1,0,0,0,0,0,0,0,0,0,1,0,0,0,0,1,0,0,0,0,0,0,0,0,0,0,0,0,49,32,50,39,39,0.78,16
2476,2020-12-02,11,9,1,0,0,0,0,0,0,0,0,0,1,0,0,0,0,1,0,0,0,0,0,0,0,0,0,0,0,0,51,34,54,37,37,0.77,9
2477,2020-12-03,10,9,1,0,0,0,0,0,0,0,0,0,1,0,0,0,0,1,0,0,0,0,0,0,0,0,0,0,0,0,39,26,38,36,36,0.8,13
2478,2020-12-04,9,8,1,0,0,0,0,0,0,0,0,0,1,0,0,0,0,1,0,0,0,0,0,0,0,0,0,0,0,0,40,26,39,38,38,0.82,16
2479,2020-12-05,8,0,0,1,0,0,0,0,0,0,0,0,1,0,0,0,1,0,0,0,0,0,0,0,0,0,0,0,0,0,47,31,47,43,43,0.85,18
2480,2020-12-06,10,9,1,0,0,0,0,0,0,0,0,1,0,0,0,0,0,1,0,0,0,0,0,0,0,0,0,0,0,0,53,35,57,40,40,0.79,12
2481,2020-12-07,10,8,0,0,0,0,0,0,0,0,1,1,0,0,0,0,0,1,0,0,0,0,0,0,0,0,0,0,0,0,71,52,78,43,43,1.04,5
2482,2020-12-08,13,9,0,0,1,0,0,0,0,0,0,0,1,0,0,0,0,1,0,0,0,0,0,0,0,0,0,0,0,0,57,40,55,37,37,0.88,14
2483,2020-12-09,10,9,1,0,0,0,0,0,0,0,0,0,1,0,0,0,0,1,0,0,0,0,0,0,0,0,0,0,0,0,43,25,45,41,41,0.88,13
2484,2020-12-10,11,10,1,0,0,0,0,0,0,0,0,0,1,0,0,0,0,1,0,0,0,0,0,0,0,0,0,0,0,0,68,48,79,41,41,1.05,5
2485,2020-12-11,11,9,1,0,0,0,0,0,0,0,0,1,0,0,0,0,0,1,0,0,0,0,0,0,0,0,0,0,0,0,77,56,84,41,41,1.08,5
2486,2020-12-12,11,10,1,0,0,0,0,0,0,0,0,1,0,0,0,0,1,0,0,0,0,0,0,0,0,0,0,0,0,0,77,56,85,40,40,1.07,5
2487,2020-12-13,10,6,0,0,0,0,0,0,1,0,0,1,0,0,0,0,0,1,0,0,0,0,0,0,0,0,0,0,0,0,67,48,66,38,38,1.03,6
2488,2020-12-14,8,6,0,0,1,0,0,0,0,0,0,0,1,0,0,0,0,1,0,0,0,0,0,0,0,0,0,0,0,0,32,22,29,32,32,0.68,18
2489,2020-12-15,8,6,1,0,0,0,0,0,0,0,0,0,1,0,0,0,0,1,0,0,0,0,0,0,0,0,0,0,0,0,45,29,44,38,38,0.59,15
2490,2020-12-16,8,7,1,0,0,0,0,0,0,0,0,1,0,0,0,0,0,1,0,0,0,0,0,0,0,0,0,0,0,0,53,34,56,43,43,0.58,12
2491,2020-12-17,8,6,1,0,0,0,0,0,0,0,0,1,0,0,0,0,1,0,0,0,0,0,0,0,0,0,0,0,0,0,47,28,50,43,43,0.49,21
2492,2020-12-18,7,5,0,0,0,0,0,0,1,0,0,1,0,0,0,0,0,1,0,0,0,0,0,0,0,0,0,0,0,0,71,50,85,43,43,0.73,6
2493,2020-12-19,7,4,0,0,0,1,0,0,0,0,0,1,0,0,0,0,0,1,0,0,0,0,0,0,0,0,0,0,0,0,81,60,90,46,46,0.82,6
2494,2020-12-20,10,4,1,0,0,0,0,0,0,0,0,1,0,0,0,0,1,0,0,0,0,0,0,0,0,0,0,0,0,0,88,65,99,53,53,0.83,12
2495,2020-12-21,11,5,1,0,0,0,0,0,0,0,0,1,0,0,0,1,0,0,0,0,0,0,0,0,0,0,0,0,0,0,92,68,105,57,57,0.95,19
2496,2020-12-22,8,6,0,0,0,1,0,0,0,0,0,1,0,0,0,0,0,1,0,0,0,0,0,0,0,0,0,0,0,0,99,74,112,65,65,1.07,9
2497,2020-12-23,10,6,0,0,0,0,0,0,0,1,0,0,1,0,0,0,0,1,0,0,0,0,0,0,0,0,0,0,0,0,115,87,121,56,56,0.92,14
2498,2020-12-24,12,6,1,0,0,0,0,0,0,0,0,1,0,0,0,0,1,0,0,0,0,0,0,0,0,0,0,0,0,0,132,100,147,60,60,1.35,5
2499,2020-12-25,9,8,0,0,0,1,0,0,0,0,0,1,0,0,0,0,1,0,0,0,0,0,0,0,0,0,0,0,0,0,146,111,152,55,55,1.56,5
2500,2020-12-26,12,7,0,0,0,0,0,0,1,0,0,1,0,0,0,0,0,1,0,0,0,0,0,0,0,0,0,0,0,0,190,143,196,60,60,1.53,5
2501,2020-12-27,13,6,1,0,0,0,0,0,0,0,0,0,1,0,0,0,0,1,0,0,0,0,0,0,0,0,0,0,0,0,146,111,157,58,58,1.41,15
2502,2020-12-28,9,6,0,0,0,0,0,0,1,0,0,1,0,0,0,0,1,0,0,0,0,0,0,0,0,0,0,0,0,0,134,99,139,56,56,1.09,11
2503,2020-12-29,7,5,0,0,0,0,0,0,0,0,1,0,1,0,0,0,0,1,0,0,0,0,0,0,0,0,0,0,0,0,79,57,74,40,40,0.8,17
2504,2020-12-30,7,5,1,0,0,0,0,0,0,0,0,0,1,0,0,0,0,1,0,0,0,0,0,0,0,0,0,0,0,0,59,42,60,43,43,0.67,8
2505,2020-12-31,7,4,1,0,0,0,0,0,0,0,0,0,1,0,0,0,0,1,0,0,0,0,0,0,0,0,0,0,0,0,65,47,63,40,40,0.76,6
2506,2021-01-01,10,5,1,0,0,0,0,0,0,0,0,1,0,0,0,0,0,1,0,0,0,0,0,0,0,0,0,0,0,0,77,57,78,41,41,0.9,13
2507,2021-01-02,7,6,1,0,0,0,0,0,0,0,0,0,1,0,0,0,0,1,0,0,0,0,0,0,0,0,0,0,0,0,82,60,82,43,43,0.9,10
2508,2021-01-03,10,7,0,0,0,0,0,0,1,0,0,0,1,0,0,0,0,1,0,0,0,0,0,0,0,0,0,0,0,0,102,76,102,41,41,0.89,13
2509,2021-01-04,8,7,1,0,0,0,0,0,0,0,0,1,0,0,0,0,1,0,0,0,0,0,0,0,0,0,0,0,0,0,96,71,95,40,40,0.93,7
2510,2021-01-05,10,7,0,0,1,0,0,0,0,0,0,1,0,0,0,0,0,1,0,0,0,0,0,0,0,0,0,0,0,0,102,77,107,45,45,1.01,8
2511,2021-01-06,9,5,0,0,1,0,0,0,0,0,0,0,1,0,0,0,0,1,0,0,0,0,0,0,0,0,0,0,0,0,91,67,91,38,38,0.8,15
2512,2021-01-07,6,3,0,0,1,0,0,0,0,0,0,0,1,0,0,0,0,0,0,0,0,0,1,0,0,0,0,0,0,0,74,54,69,29,29,0.65,37
2513,2021-01-08,6,4,0,0,0,0,1,0,0,0,0,0,1,0,0,0,1,0,0,0,0,0,0,0,0,0,0,0,0,0,63,45,62,36,36,0.69,24
2514,2021-01-09,4,3,0,0,0,1,0,0,0,0,0,1,0,0,0,0,0,1,0,0,0,0,0,0,0,0,0,0,0,0,83,62,85,41,41,0.8,10
2515,2021-01-10,5,2,0,0,0,0,0,0,1,0,0,1,0,0,0,0,0,0,0,0,0,0,1,0,0,0,0,0,0,0,102,77,99,42,42,0.83,13
2516,2021-01-11,9,0,0,0,0,0,0,0,0,0,1,0,1,0,0,0,1,0,0,0,0,0,0,0,0,0,0,0,0,0,77,56,79,39,39,0.69,28
2517,2021-01-12,12,1,1,0,0,0,0,0,0,0,0,0,1,0,0,1,0,0,0,0,0,0,0,0,0,0,0,0,0,0,72,50,84,46,46,0.72,30
2518,2021-01-13,13,2,0,0,0,0,0,0,1,0,0,1,0,0,0,1,0,0,0,0,0,0,0,0,0,0,0,0,0,0,81,58,104,58,58,0.8,29
2519,2021-01-14,13,3,0,0,1,0,0,0,0,0,0,1,0,0,0,1,0,0,0,0,0,0,0,0,0,0,0,0,0,0,101,76,125,66,66,0.95,31
2520,2021-01-15,12,6,0,0,0,0,0,0,1,0,0,0,1,0,0,0,1,0,0,0,0,0,0,0,0,0,0,0,0,0,130,99,150,72,72,1.03,31
2521,2021-01-16,7,4,0,0,0,1,0,0,0,0,0,0,1,0,0,0,0,0,0,0,0,0,1,1,0,0,0,0,0,0,151,115,162,69,69,1.17,15
2522,2021-01-17,5,0,0,0,0,1,0,0,0,0,0,0,1,0,0,1,0,0,0,0,0,0,0,0,0,0,0,0,0,0,46,31,45,29,29,0.58,32
2523,2021-01-18,6,2,1,0,0,0,0,0,0,0,0,0,1,0,0,1,0,0,0,0,0,0,0,0,0,0,0,0,0,0,48,32,48,37,37,0.7,21
2524,2021-01-19,9,5,0,0,0,1,0,0,0,0,0,1,0,0,0,0,0,1,0,0,0,0,0,0,0,0,0,0,0,0,88,65,99,59,59,0.98,14
2525,2021-01-20,10,0,0,0,1,0,0,0,0,0,0,1,0,0,0,0,0,1,0,0,0,0,0,0,0,0,0,0,0,0,120,91,133,63,63,1.09,12
2526,2021-01-21,9,6,0,0,0,0,0,0,0,0,1,1,0,0,0,1,0,0,0,0,0,0,0,0,0,0,0,0,0,0,119,90,120,62,62,1.02,10
2527,2021-01-22,15,6,0,0,1,0,0,0,0,0,0,1,0,0,0,1,0,0,0,0,0,0,0,0,0,0,0,0,0,0,109,82,111,51,51,0.95,21
2528,2021-01-23,13,9,1,0,0,0,0,0,0,0,0,0,1,0,0,0,0,1,0,0,0,0,0,0,0,0,0,0,0,0,104,77,104,44,44,0.89,28
2529,2021-01-24,10,8,1,0,0,0,0,0,0,0,0,0,1,0,0,0,0,0,0,0,0,0,1,0,0,0,0,0,0,0,98,73,96,43,43,0.95,17
2530,2021-01-25,12,8,0,0,0,0,0,0,0,0,1,0,1,0,0,0,0,1,0,0,0,0,0,0,0,0,0,0,0,0,53,38,50,39,39,0.94,23
2531,2021-01-26,10,8,0,0,1,0,0,0,0,0,0,1,0,0,0,0,0,1,0,0,0,0,0,0,0,0,0,0,0,0,63,45,66,43,43,1.06,10
2532,2021-01-27,9,8,1,0,0,0,0,0,0,0,0,1,0,0,0,0,0,1,0,0,0,0,0,0,0,0,0,0,0,0,63,45,62,40,40,1.02,11
2533,2021-01-28,11,8,0,0,1,0,0,0,0,0,0,0,1,0,0,0,0,1,0,0,0,0,0,0,0,0,0,0,0,0,60,43,62,43,43,1.04,19
2534,2021-01-29,13,0,0,0,0,0,0,0,0,1,0,0,0,1,0,0,1,0,0,0,0,0,0,0,0,0,0,0,0,0,65,47,73,49,49,0.95,16
2535,2021-01-30,14,9,0,0,0,0,1,0,0,0,0,1,0,0,0,0,0,1,0,0,0,0,0,0,0,0,0,0,0,0,91,68,104,48,48,0.91,20
2536,2021-01-31,12,8,0,0,0,0,1,0,0,0,0,1,0,0,0,0,0,1,0,0,0,0,0,0,0,0,0,0,0,0,110,83,117,48,48,0.91,16
2537,2021-02-01,15,8,1,0,0,0,0,0,0,0,0,1,0,0,0,0,0,1,0,0,0,0,0,0,0,0,0,0,0,0,112,84,116,44,44,0.95,29
2538,2021-02-02,11,8,1,0,0,0,0,0,0,0,0,1,0,0,0,0,0,1,0,0,0,0,0,0,0,0,0,0,0,0,106,79,108,51,51,0.97,16
2539,2021-02-03,12,8,0,0,1,0,0,0,0,0,0,1,0,0,0,0,0,1,0,0,0,0,0,0,0,0,0,0,0,0,113,85,116,47,47,1.07,10
2540,2021-02-04,12,9,1,0,0,0,0,0,0,0,0,1,0,0,0,0,0,1,0,0,0,0,0,0,0,0,0,0,0,0,122,92,124,48,48,1.11,11
2541,2021-02-05,13,6,0,0,0,0,0,0,0,1,0,1,0,0,0,1,0,0,0,0,0,0,0,0,0,0,0,0,0,0,107,80,106,37,37,0.92,23
2542,2021-02-06,11,7,0,0,1,0,0,0,0,0,0,1,0,0,0,0,0,1,0,0,0,0,0,0,0,0,0,0,0,0,88,65,89,37,37,0.96,27
2543,2021-02-07,17,11,0,0,0,1,0,0,0,0,0,1,0,0,0,0,1,0,0,0,0,0,0,0,0,0,0,0,0,0,94,70,91,42,42,0.99,33
2544,2021-02-08,16,10,1,0,0,0,0,0,0,0,0,1,0,0,0,0,1,0,0,0,0,0,0,0,0,0,0,0,0,0,98,73,95,43,43,1.03,25
2545,2021-02-09,12,0,0,0,0,0,1,0,0,0,0,0,1,0,0,0,0,1,0,0,0,0,0,0,0,0,0,0,0,0,71,51,69,36,36,0.86,30
2546,2021-02-10,19,9,1,0,0,0,0,0,0,0,0,1,0,0,0,1,0,0,0,0,0,0,0,0,0,0,0,0,0,0,71,51,68,36,36,0.86,44
2547,2021-02-11,20,10,0,0,1,0,0,0,0,0,0,1,0,0,0,0,1,0,0,0,0,0,0,0,0,0,0,0,0,0,68,50,64,31,31,0.71,46
2548,2021-02-12,22,10,0,0,0,0,1,0,0,0,0,0,1,0,0,1,0,0,0,0,0,0,0,0,0,0,0,0,0,0,102,76,94,24,24,0.65,54
2549,2021-02-13,16,10,0,0,1,0,0,0,0,0,0,1,0,0,0,1,0,0,0,0,0,0,0,0,0,0,0,0,0,0,88,65,82,30,30,0.7,32
2550,2021-02-14,20,12,1,0,0,0,0,0,0,0,0,0,1,0,0,0,0,1,0,0,0,0,0,0,0,0,0,0,0,0,90,66,86,22,22,0.7,44
2551,2021-02-15,14,11,0,0,0,0,0,0,1,0,0,0,1,0,0,0,0,1,0,0,0,0,0,0,0,0,0,0,0,0,56,40,51,22,22,0.58,40
2552,2021-02-16,15,9,0,0,0,0,0,0,0,1,0,1,0,0,0,0,1,0,0,0,0,0,0,0,0,0,0,0,0,0,32,22,30,18,18,0.52,39
2553,2021-02-17,18,11,0,0,1,0,0,0,0,0,0,1,0,0,0,0,0,1,0,0,0,0,0,0,0,0,0,0,0,0,38,26,37,27,27,0.69,29
2554,2021-02-18,18,11,0,0,0,0,0,0,1,0,0,1,0,0,0,0,1,0,0,0,0,0,0,0,0,0,0,0,0,0,41,28,40,33,33,0.67,33
2555,2021-02-19,19,11,1,0,0,0,0,0,0,0,0,1,0,0,0,1,0,0,0,0,0,0,0,0,0,0,0,0,0,0,43,29,43,36,36,0.68,36
2556,2021-02-20,21,10,0,0,1,0,0,0,0,0,0,1,0,0,0,1,0,0,0,0,0,0,0,0,0,0,0,0,0,0,53,36,54,43,43,0.79,41
2557,2021-02-21,23,11,1,0,0,0,0,0,0,0,0,1,0,0,0,1,0,0,0,0,0,0,0,0,0,0,0,0,0,0,65,47,68,48,48,0.86,52
2558,2021-02-22,24,15,1,0,0,0,0,0,0,0,0,0,1,0,0,0,1,0,0,0,0,0,0,0,0,0,0,0,0,0,83,61,87,52,52,0.97,58
2559,2021-02-23,23,16,1,0,0,0,0,0,0,0,0,0,1,0,0,1,0,0,0,0,0,0,0,0,0,0,0,0,0,0,86,63,90,49,49,0.9,50
2560,2021-02-24,26,16,0,0,1,0,0,0,0,0,0,0,1,0,0,1,0,0,0,0,0,0,0,0,0,0,0,0,0,0,60,42,63,31,31,0.74,66
2561,2021-02-25,17,9,0,0,0,1,0,0,0,0,0,0,1,0,0,0,0,1,0,0,0,0,0,0,0,0,0,0,0,0,53,38,53,26,26,0.69,41
2562,2021-02-26,11,10,1,0,0,0,0,0,0,0,0,0,1,0,0,0,0,1,0,0,0,0,0,0,0,0,0,0,0,0,23,15,21,21,21,0.58,29
2563,2021-02-27,12,10,1,0,0,0,0,0,0,0,0,0,1,0,0,0,0,1,0,0,0,0,0,0,0,0,0,0,0,0,27,17,26,25,25,0.61,30
2564,2021-02-28,10,8,1,0,0,0,0,0,0,0,0,0,1,0,0,0,0,1,0,0,0,0,0,0,0,0,0,0,0,0,27,16,27,24,24,0.62,24
2565,2021-03-01,16,9,0,0,0,1,0,0,0,0,0,0,1,0,0,0,0,1,0,0,0,0,0,0,0,0,0,0,0,0,32,20,31,25,25,0.65,31
2566,2021-03-02,11,9,0,0,1,0,0,0,0,0,0,0,1,0,0,0,0,1,0,0,0,0,0,0,0,0,0,0,0,0,43,26,43,36,36,0.75,14
2567,2021-03-03,15,8,0,0,1,0,0,0,0,0,0,1,0,0,0,0,1,0,0,0,0,0,0,0,0,0,0,0,0,0,41,28,42,34,34,0.8,22
2568,2021-03-04,18,11,1,0,0,0,0,0,0,0,0,0,1,0,0,0,1,0,0,0,0,0,0,0,0,0,0,0,0,0,49,31,51,37,37,0.92,30
2569,2021-03-05,19,12,0,0,1,0,0,0,0,0,0,0,1,0,0,0,1,0,0,0,0,0,0,0,0,0,0,0,0,0,68,48,77,44,44,0.92,29
2570,2021-03-06,15,11,1,0,0,0,0,0,0,0,0,1,0,0,0,0,1,0,0,0,0,0,0,0,0,0,0,0,0,0,75,54,79,47,47,0.98,13
2571,2021-03-07,14,12,1,0,0,0,0,0,0,0,0,0,1,0,0,0,0,0,0,0,0,0,1,0,0,0,0,0,0,0,54,38,52,33,33,0.78,19
2572,2021-03-08,15,12,1,0,0,0,0,0,0,0,0,0,1,0,0,0,0,1,0,0,0,0,0,0,0,0,0,0,0,0,32,21,31,30,30,0.65,27
2573,2021-03-09,17,13,1,0,0,0,0,0,0,0,0,0,1,0,0,0,1,0,0,0,0,0,0,0,0,0,0,0,0,0,41,25,41,37,37,0.7,19
2574,2021-03-10,15,11,1,0,0,0,0,0,0,0,0,0,1,0,0,0,0,1,0,0,0,0,0,0,0,0,0,0,0,0,37,22,37,37,37,0.71,13
2575,2021-03-11,20,13,1,0,0,0,0,0,0,0,0,0,1,0,0,0,1,0,0,0,0,0,0,0,0,0,0,0,0,0,45,26,45,36,36,0.83,28
2576,2021-03-12,20,14,1,0,0,0,0,0,0,0,0,0,1,0,0,0,1,0,0,0,0,0,0,0,0,0,0,0,0,0,47,29,48,42,42,0.83,32
2577,2021-03-13,25,14,1,0,0,0,0,0,0,0,0,1,0,0,0,1,0,0,0,0,0,0,0,0,0,0,0,0,0,0,54,34,59,44,44,0.88,51
2578,2021-03-14,24,16,1,0,0,0,0,0,0,0,0,0,1,0,0,0,0,0,0,0,0,0,1,0,0,0,0,0,0,0,56,35,61,41,41,0.82,45
2579,2021-03-15,26,16,1,0,0,0,0,0,0,0,0,1,0,0,0,1,0,0,0,0,0,0,0,0,0,0,0,0,0,0,55,38,59,37,37,0.89,47
2580,2021-03-16,18,17,1,0,0,0,0,0,0,0,0,0,1,0,0,0,1,0,0,0,0,0,0,0,0,0,0,0,0,0,54,38,57,43,43,1.0,25
2581,2021-03-17,24,17,1,0,0,0,0,0,0,0,0,0,1,0,0,0,1,0,0,0,0,0,0,0,0,0,0,0,0,0,30,17,30,27,27,0.76,37
2582,2021-03-18,23,18,1,0,0,0,0,0,0,0,0,0,1,0,0,0,1,0,0,0,0,0,0,0,0,0,0,0,0,0,36,20,36,31,31,0.89,28
2583,2021-03-19,18,12,1,0,0,0,0,0,0,0,0,0,0,1,0,0,0,1,0,0,0,0,0,0,0,0,0,0,0,0,32,19,32,26,26,0.81,22
2584,2021-03-20,13,9,0,0,0,1,0,0,0,0,0,0,1,0,0,0,0,1,0,0,0,0,0,0,0,0,0,0,0,0,52,25,61,23,23,0.6,34
2585,2021-03-21,10,9,0,0,0,1,0,0,0,0,0,0,1,0,0,0,0,1,0,0,0,0,0,0,0,0,0,0,0,0,40,20,41,23,23,0.49,34
2586,2021-03-22,13,10,1,0,0,0,0,0,0,0,0,1,0,0,0,0,0,1,0,0,0,0,0,0,0,0,0,0,0,0,60,28,70,27,27,0.5,29
2587,2021-03-23,18,9,0,0,0,0,1,0,0,0,0,1,0,0,0,1,0,0,0,0,0,0,0,0,0,0,0,0,0,0,60,33,71,38,38,0.69,33
2588,2021-03-24,23,14,1,0,0,0,0,0,0,0,0,0,1,0,0,0,0,1,0,0,0,0,0,0,0,0,0,0,0,0,62,32,74,38,38,0.71,49
2589,2021-03-25,20,15,1,0,0,0,0,0,0,0,0,1,0,0,0,0,0,1,0,0,0,0,0,0,0,0,0,0,0,0,74,45,99,57,57,0.87,25
2590,2021-03-26,14,12,0,0,0,0,0,0,0,0,1,0,1,0,0,0,1,0,0,0,0,0,0,0,0,0,0,0,0,0,70,50,77,37,37,0.8,21
2591,2021-03-27,23,12,1,0,0,0,0,0,0,0,0,1,0,0,0,0,1,0,0,0,0,0,0,0,0,0,0,0,0,0,58,36,66,36,36,0.74,46
2592,2021-03-28,27,16,1,0,0,0,0,0,0,0,0,0,1,0,0,1,0,0,0,0,0,0,0,0,0,0,0,0,0,0,58,30,66,44,44,0.83,55
2593,2021-03-29,25,17,1,0,0,0,0,0,0,0,0,0,1,0,0,0,1,0,0,0,0,0,0,0,0,0,0,0,0,0,68,39,86,51,51,0.96,59
2594,2021-03-30,23,16,1,0,0,0,0,0,0,0,0,0,1,0,0,1,0,0,0,0,0,0,0,0,0,0,0,0,0,0,60,40,76,47,47,0.94,41
2595,2021-03-31,22,19,1,0,0,0,0,0,0,0,0,0,1,0,0,0,1,0,0,0,0,0,0,0,0,0,0,0,0,0,38,22,38,28,28,0.71,41
2596,2021-04-01,16,15,0,0,0,0,0,0,1,0,0,0,1,0,0,0,0,1,0,0,0,0,0,0,0,0,0,0,0,0,31,20,30,25,25,0.67,33
2597,2021-04-02,14,12,0,0,0,0,0,0,0,1,0,0,1,0,0,0,0,1,0,0,0,0,0,0,0,0,0,0,0,0,28,17,28,24,24,0.57,33
2598,2021-04-03,17,13,0,0,0,0,0,0,0,0,1,0,1,0,0,0,0,1,0,0,0,0,0,0,0,0,0,0,0,0,32,20,32,24,24,0.58,31
2599,2021-04-04,17,15,1,0,0,0,0,0,0,0,0,0,1,0,0,0,0,1,0,0,0,0,0,0,0,0,0,0,0,0,33,21,33,25,25,0.67,35
2600,2021-04-05,18,15,0,0,1,0,0,0,0,0,0,0,1,0,0,0,0,1,0,0,0,0,0,0,0,0,0,0,0,0,29,16,29,26,26,0.66,38
2601,2021-04-06,16,14,1,0,0,0,0,0,0,0,0,0,1,0,0,0,0,0,0,0,0,0,1,0,0,0,0,0,0,0,39,23,39,37,37,0.85,19
2602,2021-04-07,16,14,0,0,0,0,0,0,0,0,1,1,0,0,0,0,0,1,0,0,0,0,0,0,0,0,0,0,0,0,34,23,33,34,34,0.79,28
2603,2021-04-08,22,14,0,0,1,0,0,0,0,0,0,0,1,0,0,1,0,0,0,0,0,0,0,0,0,0,0,0,0,0,43,28,43,31,31,0.79,33
2604,2021-04-09,20,14,0,0,1,0,0,0,0,0,0,0,1,0,0,0,1,0,0,0,0,0,0,0,0,0,0,0,0,0,30,16,30,29,29,0.55,40
2605,2021-04-10,17,14,1,0,0,0,0,0,0,0,0,0,1,0,0,0,0,1,0,0,0,0,0,0,0,0,0,0,0,0,37,23,37,31,31,0.58,37
2606,2021-04-11,19,15,1,0,0,0,0,0,0,0,0,0,1,0,0,0,0,0,0,0,0,0,1,0,0,0,0,0,0,0,39,25,39,31,31,0.6,36
2607,2021-04-12,21,15,0,0,1,0,0,0,0,0,0,1,0,0,0,0,1,0,0,0,0,0,0,0,0,0,0,0,0,0,47,31,48,36,36,0.73,31
2608,2021-04-13,21,17,0,0,1,0,0,0,0,0,0,0,1,0,0,0,0,1,0,0,0,0,0,0,0,0,0,0,0,0,53,35,57,39,39,0.83,24
2609,2021-04-14,21,17,1,0,0,0,0,0,0,0,0,0,1,0,0,0,0,1,0,0,0,0,0,0,0,0,0,0,0,0,46,31,46,30,30,0.75,28
2610,2021-04-15,19,15,1,0,0,0,0,0,0,0,0,1,0,0,0,0,0,1,0,0,0,0,0,0,0,0,0,0,0,0,44,29,44,30,30,0.7,29
2611,2021-04-16,18,16,0,0,0,0,0,0,0,1,0,0,1,0,0,0,0,1,0,0,0,0,0,0,0,0,0,0,0,0,41,25,41,31,31,0.66,29
2612,2021-04-17,17,15,1,0,0,0,0,0,0,0,0,1,0,0,0,0,0,1,0,0,0,0,0,0,0,0,0,0,0,0,54,32,59,34,34,0.81,12
2613,2021-04-18,16,14,1,0,0,0,0,0,0,0,0,1,0,0,0,0,0,1,0,0,0,0,0,0,0,0,0,0,0,0,54,28,58,28,28,0.63,34
2614,2021-04-19,20,16,1,0,0,0,0,0,0,0,0,0,1,0,0,0,0,1,0,0,0,0,0,0,0,0,0,0,0,0,48,25,48,32,32,0.63,29
2615,2021-04-20,20,16,0,0,0,1,0,0,0,0,0,1,0,0,0,0,0,1,0,0,0,0,0,0,0,0,0,0,0,0,40,25,41,31,31,0.68,25
2616,2021-04-21,23,14,1,0,0,0,0,0,0,0,0,1,0,0,0,0,1,0,0,0,0,0,0,0,0,0,0,0,0,0,50,30,51,35,35,0.81,30
2617,2021-04-22,27,16,1,0,0,0,0,0,0,0,0,0,1,0,0,1,0,0,0,0,0,0,0,0,0,0,0,0,0,0,47,28,48,33,33,0.77,44
2618,2021-04-23,24,20,0,0,0,0,0,0,1,0,0,0,1,0,0,0,0,1,0,0,0,0,0,0,0,0,0,0,0,0,50,29,51,37,37,0.76,38
2619,2021-04-24,18,17,0,0,0,1,0,0,0,0,0,0,1,0,0,0,0,1,0,0,0,0,0,0,0,0,0,0,0,0,29,18,29,22,22,0.65,33
2620,2021-04-25,19,16,1,0,0,0,0,0,0,0,0,0,1,0,0,0,0,1,0,0,0,0,0,0,0,0,0,0,0,0,21,12,21,21,21,0.58,39
2621,2021-04-26,23,15,0,1,0,0,0,0,0,0,0,0,1,0,0,0,1,0,0,0,0,0,0,0,0,0,0,0,0,0,22,13,21,22,22,0.55,42
2622,2021-04-27,27,18,1,0,0,0,0,0,0,0,0,1,0,0,0,0,1,0,0,0,0,0,0,0,0,0,0,0,0,0,40,23,39,33,33,0.69,53
2623,2021-04-28,23,15,0,0,0,0,0,0,0,0,1,0,1,0,0,0,0,1,0,0,0,0,0,0,0,0,0,0,0,0,51,28,54,33,33,0.63,38
2624,2021-04-29,22,16,0,0,1,0,0,0,0,0,0,0,1,0,0,1,0,0,0,0,0,0,0,0,0,0,0,0,0,0,51,28,54,31,31,0.59,63
2625,2021-04-30,32,18,1,0,0,0,0,0,0,0,0,1,0,0,0,1,0,0,0,0,0,0,0,0,0,0,0,0,0,0,58,34,61,40,40,0.66,82
2626,2021-05-01,36,17,0,1,0,0,0,0,0,0,0,0,1,0,0,0,1,0,0,0,0,0,0,0,0,0,0,0,0,0,73,40,71,45,45,0.79,100
2627,2021-05-02,36,22,0,0,1,0,0,0,0,0,0,0,1,0,0,0,0,0,0,0,0,0,1,0,1,0,0,0,0,0,55,32,55,29,29,0.68,91
2628,2021-05-03,27,20,0,0,0,1,0,0,0,0,0,0,1,0,0,0,0,1,0,0,0,0,0,0,0,0,0,0,0,0,32,20,29,18,18,0.6,83
2629,2021-05-04,26,17,0,0,0,0,0,0,1,0,0,0,1,0,0,0,0,1,0,0,0,0,1,0,0,0,0,0,0,0,57,33,64,26,26,0.63,46
2630,2021-05-05,19,15,0,0,0,0,0,0,1,0,0,0,1,0,0,0,0,0,0,0,0,0,1,1,0,0,0,0,0,0,55,31,62,23,23,0.52,49
2631,2021-05-06,20,15,1,0,0,0,0,0,0,0,0,1,0,0,0,0,1,0,0,0,0,0,0,0,0,0,0,0,0,0,42,25,43,29,29,0.63,30
2632,2021-05-07,26,17,0,0,0,0,0,0,0,1,0,1,0,0,0,0,0,1,0,0,0,0,0,0,0,0,0,0,0,0,45,29,46,32,32,0.7,43
2633,2021-05-08,28,18,0,0,1,0,0,0,0,0,0,1,0,0,0,1,0,0,0,0,0,0,0,0,0,0,0,0,0,0,57,37,63,34,34,0.76,70
2634,2021-05-09,33,21,1,0,0,0,0,0,0,0,0,0,1,0,0,0,0,1,0,0,0,0,0,0,0,0,0,0,0,0,58,36,63,38,38,0.78,77
2635,2021-05-10,28,21,0,0,0,0,0,0,1,0,0,1,0,0,0,1,0,0,0,0,0,0,0,0,0,0,0,0,0,0,44,28,45,32,32,0.62,67
2636,2021-05-11,20,12,0,0,0,0,1,0,0,0,0,1,0,0,0,0,0,1,0,0,0,0,0,0,0,0,0,0,0,0,44,29,44,27,27,0.55,42
2637,2021-05-12,29,21,1,0,0,0,0,0,0,0,0,1,0,0,0,0,0,1,0,0,0,0,0,0,0,0,0,0,0,0,47,32,46,28,28,0.65,53
2638,2021-05-13,21,19,0,1,0,0,0,0,0,0,0,0,0,1,0,0,0,1,0,0,0,0,0,0,0,0,0,0,0,0,40,27,39,31,31,0.71,33
2639,2021-05-14,30,21,1,0,0,0,0,0,0,0,0,0,1,0,0,0,1,0,0,0,0,0,0,0,0,0,0,0,0,0,33,21,31,22,22,0.66,51
2640,2021-05-15,27,21,0,0,0,0,0,0,1,0,0,0,1,0,0,0,0,1,0,0,0,0,0,0,0,0,0,0,0,0,30,19,30,19,19,0.56,46
2641,2021-05-16,27,18,0,0,0,0,0,0,0,0,1,0,1,0,0,0,1,0,0,0,0,0,0,0,0,0,0,0,0,0,27,14,24,20,20,0.46,57
2642,2021-05-17,25,18,1,0,0,0,0,0,0,0,0,0,1,0,0,0,1,0,0,0,0,0,0,0,0,0,0,0,0,0,39,21,39,35,35,0.61,41
2643,2021-05-18,26,18,1,0,0,0,0,0,0,0,0,0,1,0,0,0,1,0,0,0,0,0,0,0,0,0,0,0,0,0,43,25,42,31,31,0.63,60
2644,2021-05-19,24,21,0,0,0,0,0,0,0,1,0,1,0,0,0,0,0,1,0,0,0,0,0,0,0,0,0,0,0,0,43,27,43,31,31,0.61,58
2645,2021-05-20,27,21,0,0,0,0,0,0,0,1,0,1,0,0,0,0,0,1,0,0,0,0,0,0,0,0,0,0,0,0,63,45,68,46,46,0.78,36
2646,2021-05-21,23,22,1,0,0,0,0,0,0,0,0,1,0,0,0,0,0,1,0,0,0,0,0,0,0,0,0,0,0,0,69,50,73,42,42,0.86,25
2647,2021-05-22,23,20,0,0,1,0,0,0,0,0,0,1,0,0,0,0,0,1,0,0,0,0,0,0,0,0,0,0,0,0,56,39,55,34,34,0.73,21
2648,2021-05-23,18,15,0,0,0,0,0,0,0,0,1,0,1,0,0,0,0,1,0,0,0,0,0,0,0,0,0,0,0,0,33,20,33,23,23,0.57,34
2649,2021-05-24,22,16,0,0,0,0,1,0,0,0,0,1,0,0,0,0,0,1,0,0,0,0,0,0,0,0,0,0,0,0,31,18,31,29,29,0.53,32
2650,2021-05-25,21,17,1,0,0,0,0,0,0,0,0,1,0,0,0,0,0,1,0,0,0,0,1,0,0,0,0,0,0,0,43,26,43,34,34,0.73,16
2651,2021-05-26,23,18,0,0,0,0,1,0,0,0,0,1,0,0,0,0,0,1,0,0,0,0,0,0,0,0,0,0,0,0,30,20,29,26,26,0.57,32
2652,2021-05-27,27,19,1,0,0,0,0,0,0,0,0,1,0,0,0,0,0,1,0,0,0,0,0,0,0,0,0,0,0,0,49,33,50,34,34,0.71,33
2653,2021-05-28,25,20,1,0,0,0,0,0,0,0,0,1,0,0,0,0,0,1,0,0,0,0,0,0,0,0,0,0,0,0,53,35,55,39,39,0.78,31
2654,2021-05-29,23,20,0,1,0,0,0,0,0,0,0,1,0,0,0,0,0,1,0,0,0,0,0,0,0,0,0,0,0,0,42,26,43,40,40,0.66,36
2655,2021-05-30,25,18,0,0,1,0,0,0,0,0,0,1,0,0,0,0,1,0,0,0,0,0,0,0,0,0,0,0,0,0,45,27,46,40,40,0.71,42
2656,2021-05-31,31,22,0,0,0,0,1,0,0,0,0,1,0,0,0,0,1,0,0,0,0,0,0,0,0,0,0,0,0,0,58,39,64,43,43,0.83,61
2657,2021-06-01,32,23,0,0,0,0,0,0,1,0,0,1,0,0,0,0,1,0,0,0,0,0,0,0,0,0,0,0,0,0,59,39,65,44,44,0.8,49
2658,2021-06-02,27,23,0,1,0,0,0,0,0,0,0,0,1,0,0,0,1,0,0,0,0,0,0,0,0,0,0,0,0,0,62,44,67,41,41,0.73,46
2659,2021-06-03,23,17,0,0,0,0,0,0,1,0,0,0,1,0,0,0,0,1,0,0,0,0,0,0,0,0,0,0,0,0,39,24,39,27,27,0.54,50
2660,2021-06-04,28,16,0,0,1,0,0,0,0,0,0,1,0,0,0,0,1,0,0,0,0,0,0,0,0,0,0,0,0,0,42,20,42,33,33,0.54,62
2661,2021-06-05,32,21,0,0,1,0,0,0,0,0,0,1,0,0,0,0,0,1,0,0,0,0,0,0,0,0,0,0,0,0,55,26,56,48,48,0.71,78
2662,2021-06-06,34,22,1,0,0,0,0,0,0,0,0,1,0,0,0,0,0,1,0,0,0,0,0,0,0,0,0,0,0,0,59,32,62,46,46,0.77,83
2663,2021-06-07,30,22,0,0,0,0,0,0,0,1,0,0,1,0,0,0,0,1,0,0,0,0,0,0,0,0,0,0,0,0,70,48,78,38,38,0.78,96
2664,2021-06-08,26,22,0,0,0,0,0,0,0,0,1,0,1,0,0,0,0,1,0,0,0,0,0,0,0,0,0,0,0,0,51,34,52,28,28,0.54,72
2665,2021-06-09,21,19,0,0,0,0,0,0,1,0,0,1,0,0,0,0,0,1,0,0,0,0,0,0,0,0,0,0,0,0,42,29,41,27,27,0.56,49
2666,2021-06-10,26,21,0,0,0,0,0,0,0,1,0,1,0,0,0,1,0,0,0,0,0,0,0,0,0,0,0,0,0,0,39,26,39,27,27,0.57,56
2667,2021-06-11,30,22,0,0,1,0,0,0,0,0,0,1,0,0,0,0,1,0,0,0,0,0,0,0,0,0,0,0,0,0,43,26,42,32,32,0.7,56
2668,2021-06-12,32,24,1,0,0,0,0,0,0,0,0,0,1,0,0,0,1,0,0,0,0,0,0,0,0,0,0,0,0,0,33,16,28,25,25,0.67,56
2669,2021-06-13,34,25,0,1,0,0,0,0,0,0,0,0,1,0,0,0,1,0,0,0,0,0,0,0,0,0,0,0,0,0,32,16,29,22,22,0.58,58
2670,2021-06-14,35,26,0,0,1,0,0,0,0,0,0,0,1,0,0,0,1,0,0,0,0,0,0,0,0,0,0,0,0,0,31,17,29,19,19,0.53,60
2671,2021-06-15,34,25,0,0,1,0,0,0,0,0,0,1,0,0,0,0,0,1,0,0,0,0,0,0,0,0,0,0,0,0,40,25,38,21,21,0.64,65
2672,2021-06-16,34,22,0,0,0,1,0,0,0,0,0,0,1,0,0,0,0,1,0,0,0,0,0,0,0,0,0,0,0,0,36,20,34,24,24,0.59,56
2673,2021-06-17,26,22,0,0,0,0,0,0,0,0,1,0,1,0,0,0,0,1,0,0,0,0,0,0,0,0,0,0,0,0,30,16,30,19,19,0.49,33
2674,2021-06-18,21,18,0,0,0,0,0,0,0,1,0,0,1,0,0,0,0,1,0,0,0,0,0,0,0,0,0,0,0,0,23,13,23,17,17,0.48,34
2675,2021-06-19,21,19,0,0,0,0,0,0,0,1,0,1,0,0,0,0,1,0,0,0,0,0,0,0,0,0,0,0,0,0,30,17,30,25,25,0.55,41
2676,2021-06-20,26,21,1,0,0,0,0,0,0,0,0,1,0,0,0,0,1,0,0,0,0,0,0,0,0,0,0,0,0,0,36,20,36,27,27,0.65,48
2677,2021-06-21,30,23,0,0,1,0,0,0,0,0,0,1,0,0,0,0,1,0,0,0,0,0,0,0,0,0,0,0,0,0,43,25,43,31,31,0.72,49
2678,2021-06-22,32,23,0,0,1,0,0,0,0,0,0,1,0,0,0,0,1,0,0,0,0,0,0,0,0,0,0,0,0,0,50,29,49,33,33,0.73,75
2679,2021-06-23,34,25,0,0,1,0,0,0,0,0,0,0,1,0,0,0,0,1,0,0,0,0,0,0,0,0,0,0,0,0,49,25,45,35,35,0.71,80
2680,2021-06-24,28,25,1,0,0,0,0,0,0,0,0,0,1,0,0,0,1,0,0,0,0,0,1,0,0,0,0,0,0,0,53,35,55,34,34,0.72,67
2681,2021-06-25,23,22,0,0,0,0,0,0,1,0,0,0,1,0,0,0,1,0,0,0,0,0,0,0,0,0,0,0,0,0,47,32,48,25,25,0.66,50
2682,2021-06-26,32,24,0,0,0,0,0,0,1,0,0,1,0,0,0,0,0,1,0,0,0,0,0,0,0,0,0,0,0,0,36,23,36,24,24,0.65,52
2683,2021-06-27,24,23,0,0,0,0,0,0,0,1,0,1,0,0,0,0,0,1,0,0,0,0,0,0,0,0,0,0,0,0,29,20,28,25,25,0.7,38
2684,2021-06-28,26,22,0,0,1,0,0,0,0,0,0,1,0,0,0,0,0,1,0,0,0,0,0,0,0,0,0,0,0,0,38,24,38,31,31,0.81,39
2685,2021-06-29,30,25,1,0,0,0,0,0,0,0,0,1,0,0,0,0,1,0,0,0,0,0,0,0,0,0,0,0,0,0,27,16,26,22,22,0.74,40
2686,2021-06-30,31,23,1,0,0,0,0,0,0,0,0,1,0,0,0,0,0,1,0,0,0,0,0,0,0,0,0,0,0,0,29,14,25,21,21,0.63,61
2687,2021-07-01,25,23,0,0,1,0,0,0,0,0,0,1,0,0,0,0,0,0,0,0,0,0,1,0,0,0,0,0,0,0,27,17,26,22,22,0.64,47
2688,2021-07-02,26,23,0,0,0,1,0,0,0,0,0,1,0,0,0,0,1,0,0,0,0,0,0,0,0,0,0,0,0,0,25,16,24,21,21,0.66,46
2689,2021-07-03,30,23,0,0,0,0,0,0,0,0,1,0,1,0,0,0,1,0,0,0,0,0,0,0,0,0,0,0,0,0,26,12,20,18,18,0.58,74
2690,2021-07-04,26,23,1,0,0,0,0,0,0,0,0,0,1,0,0,0,0,1,0,0,0,0,0,0,0,0,0,0,0,0,33,19,33,28,28,0.78,52
2691,2021-07-05,29,25,0,0,0,1,0,0,0,0,0,1,0,0,0,0,0,1,0,0,0,0,0,0,0,0,0,0,0,0,26,14,25,23,23,0.65,57
2692,2021-07-06,25,23,0,0,0,0,0,0,1,0,0,1,0,0,0,0,0,1,0,0,0,0,0,0,0,0,0,0,0,0,39,25,39,27,27,0.73,51
2693,2021-07-07,32,16,0,1,0,0,0,0,0,0,0,1,0,0,0,0,0,0,0,0,0,0,1,1,0,0,0,0,0,0,45,28,43,25,25,0.7,72
2694,2021-07-08,24,24,1,0,0,0,0,0,0,0,0,0,1,0,0,0,0,1,0,0,0,0,0,0,0,0,0,0,0,0,24,15,24,22,22,0.63,41
2695,2021-07-09,31,26,1,0,0,0,0,0,0,0,0,0,1,0,0,0,0,1,0,0,0,0,0,0,0,0,0,0,0,0,30,17,30,22,22,0.63,27
2696,2021-07-10,33,24,0,1,0,0,0,0,0,0,0,0,1,0,0,0,0,1,0,0,0,0,0,0,0,0,0,0,0,0,28,14,27,19,19,0.56,43
2697,2021-07-11,25,23,0,0,1,0,0,0,0,0,0,0,1,0,0,0,0,1,0,0,0,0,0,0,0,0,0,0,0,0,28,16,28,20,20,0.58,36
2698,2021-07-12,30,24,1,0,0,0,0,0,0,0,0,1,0,0,0,1,0,0,0,0,0,0,0,0,0,0,0,0,0,0,26,12,20,18,18,0.59,56
2699,2021-07-13,35,26,0,0,1,0,0,0,0,0,0,1,0,0,0,1,0,0,0,0,0,0,0,0,0,0,0,0,0,0,38,16,28,22,22,0.63,83
2700,2021-07-14,36,27,0,1,0,0,0,0,0,0,0,0,1,0,0,0,0,1,0,0,0,0,0,0,0,0,0,0,0,0,39,19,36,25,25,0.61,67
2701,2021-07-15,35,27,0,0,1,0,0,0,0,0,0,0,1,0,0,0,0,0,0,0,0,0,1,0,0,0,0,0,0,0,37,18,35,24,24,0.59,62
2702,2021-07-16,24,23,0,0,0,0,0,0,0,0,1,1,0,0,0,0,0,1,0,0,0,0,0,0,0,0,0,0,0,0,23,13,22,22,22,0.54,50
2703,2021-07-17,31,23,0,0,0,0,0,0,0,1,0,1,0,0,0,0,1,0,0,0,0,0,0,0,0,0,0,0,0,0,28,13,22,20,20,0.57,63
2704,2021-07-18,32,24,0,0,0,0,0,0,0,1,0,1,0,0,0,0,0,1,0,0,0,0,0,0,0,0,0,0,0,0,33,17,30,23,23,0.63,59
2705,2021-07-19,32,24,0,0,1,0,0,0,0,0,0,1,0,0,0,0,1,0,0,0,0,0,0,0,0,0,0,0,0,0,28,13,22,20,20,0.56,76
2706,2021-07-20,35,25,0,0,1,0,0,0,0,0,0,1,0,0,0,0,0,1,0,0,0,0,0,0,0,0,0,0,0,0,33,15,29,25,25,0.61,63
2707,2021-07-21,36,25,0,0,1,0,0,0,0,0,0,1,0,0,0,0,1,0,0,0,0,0,0,0,0,0,0,0,0,0,34,16,32,28,28,0.65,59
2708,2021-07-22,34,24,0,0,1,0,0,0,0,0,0,0,1,0,0,1,0,0,0,0,0,0,0,0,0,0,0,0,0,0,36,16,32,25,25,0.61,62
2709,2021-07-23,37,27,0,0,1,0,0,0,0,0,0,0,1,0,0,0,0,1,0,0,0,0,0,0,0,0,0,0,0,0,34,14,29,23,23,0.52,64
2710,2021-07-24,34,25,1,0,0,0,0,0,0,0,0,0,1,0,0,1,0,0,0,0,0,0,0,0,0,0,0,0,0,0,33,16,32,22,22,0.52,62
2711,2021-07-25,35,27,1,0,0,0,0,0,0,0,0,1,0,0,0,0,1,0,0,0,0,0,0,0,0,0,0,0,0,0,33,13,26,20,20,0.49,79
2712,2021-07-26,37,27,0,0,0,1,0,0,0,0,0,1,0,0,0,0,1,0,0,0,0,0,0,0,0,0,0,0,0,0,40,16,34,24,24,0.56,84
2713,2021-07-27,33,24,0,0,0,0,0,0,0,0,1,0,1,0,0,0,1,0,0,0,0,0,0,0,0,0,0,0,0,0,32,14,28,19,19,0.55,73
2714,2021-07-28,35,26,0,0,0,0,0,0,0,0,1,0,1,0,0,1,0,0,0,0,0,0,0,0,0,0,0,0,0,0,38,18,35,25,25,0.61,76
2715,2021-07-29,36,27,0,0,0,0,0,0,0,1,0,1,0,0,0,1,0,0,0,0,0,0,0,0,0,0,0,0,0,0,46,20,39,27,27,0.67,90
2716,2021-07-30,38,28,0,0,0,0,0,0,0,1,0,1,0,0,0,0,1,0,0,0,0,0,0,0,0,0,0,0,0,0,61,22,46,31,31,0.66,106
2717,2021-07-31,37,25,0,0,0,0,0,0,0,1,0,0,1,0,0,0,1,0,0,0,0,0,0,0,0,0,0,0,0,0,66,26,52,31,31,0.69,115
2718,2021-08-01,37,25,0,0,0,1,0,0,0,0,0,1,0,0,0,1,0,0,0,0,0,0,0,0,0,0,0,0,0,0,67,23,46,28,28,0.61,124
2719,2021-08-02,39,26,0,0,1,0,0,0,0,0,0,1,0,0,0,1,0,0,0,0,0,0,0,0,0,0,0,0,0,0,72,30,55,31,31,0.76,125
2720,2021-08-03,39,27,0,0,1,0,0,0,0,0,0,0,1,0,0,1,0,0,0,0,0,0,0,0,0,0,0,0,0,0,57,26,47,29,29,0.68,110
2721,2021-08-04,40,30,0,1,0,0,0,0,0,0,0,1,0,0,0,1,0,0,0,0,0,0,0,0,0,0,0,0,0,0,52,21,40,24,24,0.65,105
2722,2021-08-05,37,24,0,0,1,0,0,0,0,0,0,1,0,0,0,0,0,1,0,0,0,0,0,0,0,0,0,0,0,0,49,23,43,25,25,0.62,105
2723,2021-08-06,36,28,0,0,0,0,0,0,0,1,0,1,0,0,0,0,1,0,0,0,0,0,0,0,0,0,0,0,0,0,54,24,41,21,21,0.61,109
2724,2021-08-07,29,26,1,0,0,0,0,0,0,0,0,0,1,0,0,0,0,1,0,0,0,0,0,0,0,0,0,0,0,0,46,30,46,26,26,0.68,54
2725,2021-08-08,27,24,1,0,0,0,0,0,0,0,0,1,0,0,0,0,1,0,0,0,0,0,0,0,0,0,0,0,0,0,39,26,39,23,23,0.68,32
2726,2021-08-09,30,27,0,0,0,0,0,0,0,1,0,0,1,0,0,0,1,0,0,0,0,0,0,0,0,0,0,0,0,0,21,12,19,15,15,0.61,46
2727,2021-08-10,30,24,0,0,1,0,0,0,0,0,0,1,0,0,0,0,1,0,0,0,0,0,0,0,0,0,0,0,0,0,28,16,27,22,22,0.64,56
2728,2021-08-11,24,23,1,0,0,0,0,0,0,0,0,0,1,0,0,0,1,0,0,0,0,0,0,0,0,0,0,0,0,0,26,14,24,19,19,0.63,61
2729,2021-08-12,31,22,1,0,0,0,0,0,0,0,0,1,0,0,0,0,0,0,0,0,0,0,1,0,0,0,0,0,0,0,26,16,26,18,18,0.6,40
2730,2021-08-13,24,21,0,0,0,0,0,0,0,0,1,1,0,0,0,0,1,0,0,0,0,0,0,0,0,0,0,0,0,0,18,11,17,15,15,0.59,38
2731,2021-08-14,23,21,1,0,0,0,0,0,0,0,0,0,1,0,0,0,1,0,0,0,0,0,0,0,0,0,0,0,0,0,19,9,17,16,16,0.61,54
2732,2021-08-15,28,23,1,0,0,0,0,0,0,0,0,0,1,0,0,0,1,0,0,0,0,0,0,0,0,0,0,0,0,0,26,12,23,22,22,0.66,50
2733,2021-08-16,27,16,0,1,0,0,0,0,0,0,0,0,1,0,0,0,1,0,0,0,0,0,0,0,0,0,0,0,0,0,26,11,21,19,19,0.65,53
2734,2021-08-17,35,25,0,0,1,0,0,0,0,0,0,0,1,0,0,0,1,0,0,0,0,0,0,0,0,0,0,0,0,0,24,12,22,20,20,0.6,47
2735,2021-08-18,36,27,0,0,1,0,0,0,0,0,0,1,0,0,0,0,1,0,0,0,0,0,0,0,0,0,0,0,0,0,26,13,24,21,21,0.58,41
2736,2021-08-19,35,26,0,0,1,0,0,0,0,0,0,1,0,0,0,0,0,1,0,0,0,0,0,0,0,0,0,0,0,0,32,15,29,21,21,0.58,53
2737,2021-08-20,36,28,0,0,0,0,1,0,0,0,0,0,1,0,0,0,1,0,0,0,0,0,0,0,0,0,0,0,0,0,42,22,39,23,23,0.61,72
2738,2021-08-21,36,29,0,1,0,0,0,0,0,0,0,0,1,0,0,0,1,0,0,0,0,0,0,0,0,0,0,0,0,0,46,27,45,23,23,0.67,72
2739,2021-08-22,32,23,0,0,1,0,0,0,0,0,0,0,1,0,0,0,0,0,0,0,0,0,1,0,0,0,0,0,0,0,40,23,41,23,23,0.58,42
2740,2021-08-23,23,21,0,0,0,0,0,0,0,1,0,0,1,0,0,0,1,0,0,0,0,0,0,0,0,0,0,0,0,0,24,13,23,18,18,0.54,54
2741,2021-08-24,30,24,1,0,0,0,0,0,0,0,0,1,0,0,0,0,1,0,0,0,0,0,0,0,0,0,0,0,0,0,35,18,32,23,23,0.65,61
2742,2021-08-25,26,18,1,0,0,0,0,0,0,0,0,0,1,0,0,0,0,0,0,0,0,0,0,1,0,0,0,0,0,0,31,17,31,22,22,0.62,49
2743,2021-08-26,21,19,1,0,0,0,0,0,0,0,0,1,0,0,0,0,0,0,0,0,0,0,1,1,0,0,0,0,0,0,17,9,14,17,17,0.53,48
2744,2021-08-27,23,17,0,0,0,0,1,0,0,0,0,0,1,0,0,1,0,0,0,0,0,0,0,0,0,0,0,0,0,0,17,10,15,22,22,0.57,43
2745,2021-08-28,20,19,0,0,0,1,0,0,0,0,0,1,0,0,0,0,0,0,0,0,0,0,1,1,0,0,0,0,0,0,16,9,16,22,22,0.61,30
2746,2021-08-29,22,19,0,0,0,0,0,0,1,0,0,1,0,0,0,0,1,0,0,0,0,0,0,0,0,0,0,0,0,0,18,10,18,23,23,0.62,33
2747,2021-08-30,31,22,1,0,0,0,0,0,0,0,0,1,0,0,0,0,1,0,0,0,0,0,0,0,0,0,0,0,0,0,28,13,25,22,22,0.7,48
2748,2021-08-31,29,22,0,0,0,0,0,0,0,0,1,0,1,0,0,0,1,0,0,0,0,0,0,0,0,0,0,0,0,0,34,18,34,22,22,0.67,50
